,meas,tmins,tunix
0,55.0,0.0,1552620164.0
1,55.0,0.016666666666666666,1552620165.0
2,55.0,0.03333333333333333,1552620166.0
3,66.25,0.05,1552620167.0
4,69.6,0.06666666666666667,1552620168.0
5,67.67,0.08333333333333333,1552620169.0
6,66.57,0.1,1552620170.0
7,65.75,0.11666666666666667,1552620171.0
8,65.11,0.13333333333333333,1552620172.0
9,65.6,0.15,1552620173.0
10,65.91,0.16666666666666666,1552620174.0
11,66.17,0.18333333333333332,1552620175.0
12,66.62,0.2,1552620176.0
13,67.0,0.21666666666666667,1552620177.0
14,67.4,0.23333333333333334,1552620178.0
15,67.81,0.25,1552620179.0
16,68.24,0.26666666666666666,1552620180.0
17,68.61,0.2833333333333333,1552620181.0
18,68.95,0.3,1552620182.0
19,69.2,0.31666666666666665,1552620183.0
20,69.43,0.3333333333333333,1552620184.0
21,69.64,0.35,1552620185.0
22,69.65,0.36666666666666664,1552620186.0
23,69.67,0.38333333333333336,1552620187.0
24,69.56,0.4,1552620188.0
25,69.42,0.4166666666666667,1552620189.0
26,68.93,0.43333333333333335,1552620190.0
27,68.46,0.45,1552620191.0
28,68.03,0.4666666666666667,1552620192.0
29,67.57,0.48333333333333334,1552620193.0
30,67.1,0.5,1552620194.0
31,66.53,0.5166666666666667,1552620195.0
32,66.03,0.5333333333333333,1552620196.0
33,65.53,0.55,1552620197.0
34,65.4,0.5666666666666667,1552620198.0
35,65.31,0.5833333333333334,1552620199.0
36,65.16,0.6,1552620200.0
37,65.42,0.6166666666666667,1552620201.0
38,65.56,0.6333333333333333,1552620202.0
39,65.57,0.65,1552620203.0
40,65.54,0.6666666666666666,1552620204.0
41,65.5,0.6833333333333333,1552620205.0
42,65.44,0.7,1552620206.0
43,65.41,0.7166666666666667,1552620207.0
44,65.38,0.7333333333333333,1552620208.0
45,65.52,0.75,1552620209.0
46,65.68,0.7666666666666667,1552620210.0
47,66.08,0.7833333333333333,1552620211.0
48,66.35,0.8,1552620212.0
49,66.62,0.8166666666666667,1552620213.0
50,66.86,0.8333333333333334,1552620214.0
51,67.15,0.85,1552620215.0
52,67.43,0.8666666666666667,1552620216.0
53,67.7,0.8833333333333333,1552620217.0
54,67.98,0.9,1552620218.0
55,68.27,0.9166666666666666,1552620219.0
56,68.54,0.9333333333333333,1552620220.0
57,68.83,0.95,1552620221.0
58,69.08,0.9666666666666667,1552620222.0
59,69.32,0.9833333333333333,1552620223.0
60,69.82,1.0,1552620224.0
61,70.32,1.0166666666666666,1552620225.0
62,70.83,1.0333333333333334,1552620226.0
63,70.58,1.05,1552620227.0
64,70.67,1.0666666666666667,1552620228.0
65,71.15,1.0833333333333333,1552620229.0
66,71.57,1.1,1552620230.0
67,71.93,1.1166666666666667,1552620231.0
68,72.3,1.1333333333333333,1552620232.0
69,72.42,1.15,1552620233.0
70,72.55,1.1666666666666667,1552620234.0
71,72.68,1.1833333333333333,1552620235.0
72,72.73,1.2,1552620236.0
73,72.78,1.2166666666666666,1552620237.0
74,72.82,1.2333333333333334,1552620238.0
75,72.85,1.25,1552620239.0
76,72.87,1.2666666666666666,1552620240.0
77,72.9,1.2833333333333334,1552620241.0
78,72.93,1.3,1552620242.0
79,72.98,1.3166666666666667,1552620243.0
80,73.02,1.3333333333333333,1552620244.0
81,73.07,1.35,1552620245.0
82,73.22,1.3666666666666667,1552620246.0
83,73.33,1.3833333333333333,1552620247.0
84,73.45,1.4,1552620248.0
85,73.58,1.4166666666666667,1552620249.0
86,73.9,1.4333333333333333,1552620250.0
87,74.22,1.45,1552620251.0
88,74.53,1.4666666666666666,1552620252.0
89,74.9,1.4833333333333334,1552620253.0
90,75.28,1.5,1552620254.0
91,75.8,1.5166666666666666,1552620255.0
92,76.28,1.5333333333333334,1552620256.0
93,76.75,1.55,1552620257.0
94,77.02,1.5666666666666667,1552620258.0
95,77.28,1.5833333333333333,1552620259.0
96,77.58,1.6,1552620260.0
97,77.68,1.6166666666666667,1552620261.0
98,77.83,1.6333333333333333,1552620262.0
99,77.98,1.65,1552620263.0
100,78.18,1.6666666666666667,1552620264.0
101,78.4,1.6833333333333333,1552620265.0
102,78.65,1.7,1552620266.0
103,79.05,1.7166666666666666,1552620267.0
104,79.48,1.7333333333333334,1552620268.0
105,79.8,1.75,1552620269.0
106,80.08,1.7666666666666666,1552620270.0
107,80.18,1.7833333333333334,1552620271.0
108,80.37,1.8,1552620272.0
109,80.53,1.8166666666666667,1552620273.0
110,80.65,1.8333333333333333,1552620274.0
111,80.72,1.85,1552620275.0
112,80.8,1.8666666666666667,1552620276.0
113,80.92,1.8833333333333333,1552620277.0
114,81.02,1.9,1552620278.0
115,81.13,1.9166666666666667,1552620279.0
116,81.25,1.9333333333333333,1552620280.0
117,81.37,1.95,1552620281.0
118,81.53,1.9666666666666666,1552620282.0
119,81.73,1.9833333333333334,1552620283.0
120,81.88,2.0,1552620284.0
121,82.03,2.0166666666666666,1552620285.0
122,82.18,2.033333333333333,1552620286.0
123,82.48,2.05,1552620287.0
124,82.75,2.066666666666667,1552620288.0
125,82.97,2.0833333333333335,1552620289.0
126,83.2,2.1,1552620290.0
127,83.47,2.1166666666666667,1552620291.0
128,83.75,2.1333333333333333,1552620292.0
129,84.1,2.15,1552620293.0
130,84.47,2.1666666666666665,1552620294.0
131,84.8,2.183333333333333,1552620295.0
132,85.1,2.2,1552620296.0
133,85.37,2.216666666666667,1552620297.0
134,85.65,2.2333333333333334,1552620298.0
135,85.95,2.25,1552620299.0
136,86.27,2.2666666666666666,1552620300.0
137,86.57,2.283333333333333,1552620301.0
138,86.87,2.3,1552620302.0
139,87.02,2.316666666666667,1552620303.0
140,87.2,2.3333333333333335,1552620304.0
141,87.38,2.35,1552620305.0
142,87.55,2.3666666666666667,1552620306.0
143,87.77,2.3833333333333333,1552620307.0
144,88.03,2.4,1552620308.0
145,88.32,2.4166666666666665,1552620309.0
146,88.6,2.433333333333333,1552620310.0
147,88.87,2.45,1552620311.0
148,89.13,2.466666666666667,1552620312.0
149,89.37,2.4833333333333334,1552620313.0
150,89.58,2.5,1552620314.0
151,89.73,2.5166666666666666,1552620315.0
152,89.9,2.533333333333333,1552620316.0
153,90.12,2.55,1552620317.0
154,90.32,2.566666666666667,1552620318.0
155,90.48,2.5833333333333335,1552620319.0
156,90.63,2.6,1552620320.0
157,90.75,2.6166666666666667,1552620321.0
158,90.85,2.6333333333333333,1552620322.0
159,91.03,2.65,1552620323.0
160,91.15,2.6666666666666665,1552620324.0
161,91.17,2.683333333333333,1552620325.0
162,91.22,2.7,1552620326.0
163,91.1,2.716666666666667,1552620327.0
164,90.92,2.7333333333333334,1552620328.0
165,90.7,2.75,1552620329.0
166,90.57,2.7666666666666666,1552620330.0
167,90.4,2.783333333333333,1552620331.0
168,90.27,2.8,1552620332.0
169,90.13,2.816666666666667,1552620333.0
170,90.08,2.8333333333333335,1552620334.0
171,89.95,2.85,1552620335.0
172,89.78,2.8666666666666667,1552620336.0
173,89.6,2.8833333333333333,1552620337.0
174,89.43,2.9,1552620338.0
175,89.23,2.9166666666666665,1552620339.0
176,89.05,2.933333333333333,1552620340.0
177,88.77,2.95,1552620341.0
178,88.37,2.966666666666667,1552620342.0
179,87.95,2.9833333333333334,1552620343.0
180,87.55,3.0,1552620344.0
181,87.17,3.0166666666666666,1552620345.0
182,86.75,3.033333333333333,1552620346.0
183,86.2,3.05,1552620347.0
184,85.62,3.066666666666667,1552620348.0
185,85.05,3.0833333333333335,1552620349.0
186,84.53,3.1,1552620350.0
187,84.07,3.1166666666666667,1552620351.0
188,83.53,3.1333333333333333,1552620352.0
189,83.02,3.15,1552620353.0
190,82.47,3.1666666666666665,1552620354.0
191,82.03,3.183333333333333,1552620355.0
192,81.72,3.2,1552620356.0
193,81.45,3.216666666666667,1552620357.0
194,81.17,3.2333333333333334,1552620358.0
195,80.85,3.25,1552620359.0
196,80.52,3.2666666666666666,1552620360.0
197,80.2,3.283333333333333,1552620361.0
198,79.88,3.3,1552620362.0
199,79.72,3.316666666666667,1552620363.0
200,79.53,3.3333333333333335,1552620364.0
201,79.32,3.35,1552620365.0
202,79.08,3.3666666666666667,1552620366.0
203,78.83,3.3833333333333333,1552620367.0
204,78.57,3.4,1552620368.0
205,78.27,3.4166666666666665,1552620369.0
206,77.95,3.433333333333333,1552620370.0
207,77.63,3.45,1552620371.0
208,77.32,3.466666666666667,1552620372.0
209,77.02,3.4833333333333334,1552620373.0
210,76.73,3.5,1552620374.0
211,76.45,3.5166666666666666,1552620375.0
212,76.17,3.533333333333333,1552620376.0
213,75.87,3.55,1552620377.0
214,75.58,3.566666666666667,1552620378.0
215,75.32,3.5833333333333335,1552620379.0
216,75.07,3.6,1552620380.0
217,74.8,3.6166666666666667,1552620381.0
218,74.55,3.6333333333333333,1552620382.0
219,74.28,3.65,1552620383.0
220,74.08,3.6666666666666665,1552620384.0
221,73.93,3.683333333333333,1552620385.0
222,73.73,3.7,1552620386.0
223,73.53,3.716666666666667,1552620387.0
224,73.35,3.7333333333333334,1552620388.0
225,73.17,3.75,1552620389.0
226,72.92,3.7666666666666666,1552620390.0
227,72.67,3.783333333333333,1552620391.0
228,72.4,3.8,1552620392.0
229,72.15,3.816666666666667,1552620393.0
230,71.88,3.8333333333333335,1552620394.0
231,71.72,3.85,1552620395.0
232,71.57,3.8666666666666667,1552620396.0
233,71.42,3.8833333333333333,1552620397.0
234,71.25,3.9,1552620398.0
235,71.1,3.9166666666666665,1552620399.0
236,70.92,3.933333333333333,1552620400.0
237,70.82,3.95,1552620401.0
238,70.8,3.966666666666667,1552620402.0
239,70.77,3.9833333333333334,1552620403.0
240,70.72,4.0,1552620404.0
241,70.67,4.016666666666667,1552620405.0
242,70.62,4.033333333333333,1552620406.0
243,70.57,4.05,1552620407.0
244,70.53,4.066666666666666,1552620408.0
245,70.57,4.083333333333333,1552620409.0
246,70.58,4.1,1552620410.0
247,70.58,4.116666666666666,1552620411.0
248,70.63,4.133333333333334,1552620412.0
249,70.7,4.15,1552620413.0
250,70.8,4.166666666666667,1552620414.0
251,70.82,4.183333333333334,1552620415.0
252,70.77,4.2,1552620416.0
253,70.7,4.216666666666667,1552620417.0
254,70.62,4.233333333333333,1552620418.0
255,70.53,4.25,1552620419.0
256,70.47,4.266666666666667,1552620420.0
257,70.38,4.283333333333333,1552620421.0
258,70.3,4.3,1552620422.0
259,70.22,4.316666666666666,1552620423.0
260,70.15,4.333333333333333,1552620424.0
261,70.08,4.35,1552620425.0
262,70.02,4.366666666666666,1552620426.0
263,69.95,4.383333333333334,1552620427.0
264,69.88,4.4,1552620428.0
265,69.85,4.416666666666667,1552620429.0
266,69.82,4.433333333333334,1552620430.0
267,69.82,4.45,1552620431.0
268,69.82,4.466666666666667,1552620432.0
269,69.83,4.483333333333333,1552620433.0
270,69.83,4.5,1552620434.0
271,69.83,4.516666666666667,1552620435.0
272,69.8,4.533333333333333,1552620436.0
273,69.75,4.55,1552620437.0
274,69.67,4.566666666666666,1552620438.0
275,69.57,4.583333333333333,1552620439.0
276,69.58,4.6,1552620440.0
277,69.6,4.616666666666666,1552620441.0
278,69.52,4.633333333333334,1552620442.0
279,69.48,4.65,1552620443.0
280,69.45,4.666666666666667,1552620444.0
281,69.47,4.683333333333334,1552620445.0
282,69.5,4.7,1552620446.0
283,69.53,4.716666666666667,1552620447.0
284,69.6,4.733333333333333,1552620448.0
285,69.68,4.75,1552620449.0
286,69.75,4.766666666666667,1552620450.0
287,69.83,4.783333333333333,1552620451.0
288,69.92,4.8,1552620452.0
289,69.98,4.816666666666666,1552620453.0
290,70.03,4.833333333333333,1552620454.0
291,70.07,4.85,1552620455.0
292,70.1,4.866666666666666,1552620456.0
293,70.12,4.883333333333334,1552620457.0
294,70.13,4.9,1552620458.0
295,70.13,4.916666666666667,1552620459.0
296,70.15,4.933333333333334,1552620460.0
297,70.17,4.95,1552620461.0
298,70.17,4.966666666666667,1552620462.0
299,70.18,4.983333333333333,1552620463.0
300,70.22,5.0,1552620464.0
301,70.23,5.016666666666667,1552620465.0
302,70.27,5.033333333333333,1552620466.0
303,70.3,5.05,1552620467.0
304,70.33,5.066666666666666,1552620468.0
305,70.37,5.083333333333333,1552620469.0
306,70.38,5.1,1552620470.0
307,70.4,5.116666666666666,1552620471.0
308,70.42,5.133333333333334,1552620472.0
309,70.4,5.15,1552620473.0
310,70.37,5.166666666666667,1552620474.0
311,70.33,5.183333333333334,1552620475.0
312,70.32,5.2,1552620476.0
313,70.3,5.216666666666667,1552620477.0
314,70.28,5.233333333333333,1552620478.0
315,70.28,5.25,1552620479.0
316,70.27,5.266666666666667,1552620480.0
317,70.25,5.283333333333333,1552620481.0
318,70.22,5.3,1552620482.0
319,70.18,5.316666666666666,1552620483.0
320,70.13,5.333333333333333,1552620484.0
321,70.1,5.35,1552620485.0
322,70.07,5.366666666666666,1552620486.0
323,70.02,5.383333333333334,1552620487.0
324,69.98,5.4,1552620488.0
325,69.93,5.416666666666667,1552620489.0
326,69.88,5.433333333333334,1552620490.0
327,69.82,5.45,1552620491.0
328,69.75,5.466666666666667,1552620492.0
329,69.67,5.483333333333333,1552620493.0
330,69.6,5.5,1552620494.0
331,69.52,5.516666666666667,1552620495.0
332,69.48,5.533333333333333,1552620496.0
333,69.47,5.55,1552620497.0
334,69.48,5.566666666666666,1552620498.0
335,69.52,5.583333333333333,1552620499.0
336,69.45,5.6,1552620500.0
337,69.38,5.616666666666666,1552620501.0
338,69.43,5.633333333333334,1552620502.0
339,69.47,5.65,1552620503.0
340,69.48,5.666666666666667,1552620504.0
341,69.48,5.683333333333334,1552620505.0
342,69.47,5.7,1552620506.0
343,69.47,5.716666666666667,1552620507.0
344,69.45,5.733333333333333,1552620508.0
345,69.43,5.75,1552620509.0
346,69.42,5.766666666666667,1552620510.0
347,69.4,5.783333333333333,1552620511.0
348,69.37,5.8,1552620512.0
349,69.33,5.816666666666666,1552620513.0
350,69.32,5.833333333333333,1552620514.0
351,69.28,5.85,1552620515.0
352,69.25,5.866666666666666,1552620516.0
353,69.23,5.883333333333334,1552620517.0
354,69.22,5.9,1552620518.0
355,69.2,5.916666666666667,1552620519.0
356,69.18,5.933333333333334,1552620520.0
357,69.17,5.95,1552620521.0
358,69.17,5.966666666666667,1552620522.0
359,69.17,5.983333333333333,1552620523.0
360,69.17,6.0,1552620524.0
361,69.15,6.016666666666667,1552620525.0
362,69.13,6.033333333333333,1552620526.0
363,69.13,6.05,1552620527.0
364,69.13,6.066666666666666,1552620528.0
365,69.12,6.083333333333333,1552620529.0
366,69.1,6.1,1552620530.0
367,69.08,6.116666666666666,1552620531.0
368,69.07,6.133333333333334,1552620532.0
369,69.08,6.15,1552620533.0
370,69.1,6.166666666666667,1552620534.0
371,69.12,6.183333333333334,1552620535.0
372,69.15,6.2,1552620536.0
373,69.18,6.216666666666667,1552620537.0
374,69.23,6.233333333333333,1552620538.0
375,69.27,6.25,1552620539.0
376,69.28,6.266666666666667,1552620540.0
377,69.3,6.283333333333333,1552620541.0
378,69.33,6.3,1552620542.0
379,69.35,6.316666666666666,1552620543.0
380,69.37,6.333333333333333,1552620544.0
381,69.4,6.35,1552620545.0
382,69.43,6.366666666666666,1552620546.0
383,69.48,6.383333333333334,1552620547.0
384,69.53,6.4,1552620548.0
385,69.58,6.416666666666667,1552620549.0
386,69.63,6.433333333333334,1552620550.0
387,69.68,6.45,1552620551.0
388,69.72,6.466666666666667,1552620552.0
389,69.75,6.483333333333333,1552620553.0
390,69.78,6.5,1552620554.0
391,69.83,6.516666666666667,1552620555.0
392,69.88,6.533333333333333,1552620556.0
393,69.93,6.55,1552620557.0
394,70.0,6.566666666666666,1552620558.0
395,70.07,6.583333333333333,1552620559.0
396,70.12,6.6,1552620560.0
397,70.15,6.616666666666666,1552620561.0
398,70.18,6.633333333333334,1552620562.0
399,70.18,6.65,1552620563.0
400,70.18,6.666666666666667,1552620564.0
401,70.17,6.683333333333334,1552620565.0
402,70.15,6.7,1552620566.0
403,70.12,6.716666666666667,1552620567.0
404,70.08,6.733333333333333,1552620568.0
405,70.03,6.75,1552620569.0
406,70.0,6.766666666666667,1552620570.0
407,69.97,6.783333333333333,1552620571.0
408,69.95,6.8,1552620572.0
409,69.95,6.816666666666666,1552620573.0
410,69.97,6.833333333333333,1552620574.0
411,70.02,6.85,1552620575.0
412,70.07,6.866666666666666,1552620576.0
413,70.12,6.883333333333334,1552620577.0
414,70.17,6.9,1552620578.0
415,70.22,6.916666666666667,1552620579.0
416,70.25,6.933333333333334,1552620580.0
417,70.27,6.95,1552620581.0
418,70.27,6.966666666666667,1552620582.0
419,70.25,6.983333333333333,1552620583.0
420,70.22,7.0,1552620584.0
421,70.18,7.016666666666667,1552620585.0
422,70.15,7.033333333333333,1552620586.0
423,70.1,7.05,1552620587.0
424,70.05,7.066666666666666,1552620588.0
425,70.0,7.083333333333333,1552620589.0
426,69.97,7.1,1552620590.0
427,69.92,7.116666666666666,1552620591.0
428,69.85,7.133333333333334,1552620592.0
429,69.77,7.15,1552620593.0
430,69.7,7.166666666666667,1552620594.0
431,69.63,7.183333333333334,1552620595.0
432,69.55,7.2,1552620596.0
433,69.48,7.216666666666667,1552620597.0
434,69.4,7.233333333333333,1552620598.0
435,69.33,7.25,1552620599.0
436,69.3,7.266666666666667,1552620600.0
437,69.27,7.283333333333333,1552620601.0
438,69.23,7.3,1552620602.0
439,69.22,7.316666666666666,1552620603.0
440,69.22,7.333333333333333,1552620604.0
441,69.18,7.35,1552620605.0
442,69.15,7.366666666666666,1552620606.0
443,69.12,7.383333333333334,1552620607.0
444,69.07,7.4,1552620608.0
445,69.02,7.416666666666667,1552620609.0
446,68.97,7.433333333333334,1552620610.0
447,68.92,7.45,1552620611.0
448,68.87,7.466666666666667,1552620612.0
449,68.83,7.483333333333333,1552620613.0
450,68.8,7.5,1552620614.0
451,68.78,7.516666666666667,1552620615.0
452,68.75,7.533333333333333,1552620616.0
453,68.73,7.55,1552620617.0
454,68.7,7.566666666666666,1552620618.0
455,68.67,7.583333333333333,1552620619.0
456,68.63,7.6,1552620620.0
457,68.62,7.616666666666666,1552620621.0
458,68.6,7.633333333333334,1552620622.0
459,68.6,7.65,1552620623.0
460,68.6,7.666666666666667,1552620624.0
461,68.6,7.683333333333334,1552620625.0
462,68.6,7.7,1552620626.0
463,68.6,7.716666666666667,1552620627.0
464,68.6,7.733333333333333,1552620628.0
465,68.62,7.75,1552620629.0
466,68.63,7.766666666666667,1552620630.0
467,68.65,7.783333333333333,1552620631.0
468,68.65,7.8,1552620632.0
469,68.63,7.816666666666666,1552620633.0
470,68.6,7.833333333333333,1552620634.0
471,68.55,7.85,1552620635.0
472,68.48,7.866666666666666,1552620636.0
473,68.42,7.883333333333334,1552620637.0
474,68.35,7.9,1552620638.0
475,68.3,7.916666666666667,1552620639.0
476,68.27,7.933333333333334,1552620640.0
477,68.25,7.95,1552620641.0
478,68.25,7.966666666666667,1552620642.0
479,68.27,7.983333333333333,1552620643.0
480,68.28,8.0,1552620644.0
481,68.32,8.016666666666667,1552620645.0
482,68.35,8.033333333333333,1552620646.0
483,68.37,8.05,1552620647.0
484,68.4,8.066666666666666,1552620648.0
485,68.45,8.083333333333334,1552620649.0
486,68.48,8.1,1552620650.0
487,68.52,8.116666666666667,1552620651.0
488,68.57,8.133333333333333,1552620652.0
489,68.62,8.15,1552620653.0
490,68.65,8.166666666666666,1552620654.0
491,68.68,8.183333333333334,1552620655.0
492,68.72,8.2,1552620656.0
493,68.72,8.216666666666667,1552620657.0
494,68.73,8.233333333333333,1552620658.0
495,68.72,8.25,1552620659.0
496,68.68,8.266666666666667,1552620660.0
497,68.75,8.283333333333333,1552620661.0
498,68.83,8.3,1552620662.0
499,68.93,8.316666666666666,1552620663.0
500,69.02,8.333333333333334,1552620664.0
501,69.13,8.35,1552620665.0
502,69.27,8.366666666666667,1552620666.0
503,69.42,8.383333333333333,1552620667.0
504,69.48,8.4,1552620668.0
505,69.58,8.416666666666666,1552620669.0
506,69.7,8.433333333333334,1552620670.0
507,69.8,8.45,1552620671.0
508,69.92,8.466666666666667,1552620672.0
509,70.02,8.483333333333333,1552620673.0
510,70.1,8.5,1552620674.0
511,70.17,8.516666666666667,1552620675.0
512,70.2,8.533333333333333,1552620676.0
513,70.23,8.55,1552620677.0
514,70.27,8.566666666666666,1552620678.0
515,70.3,8.583333333333334,1552620679.0
516,70.33,8.6,1552620680.0
517,70.37,8.616666666666667,1552620681.0
518,70.42,8.633333333333333,1552620682.0
519,70.45,8.65,1552620683.0
520,70.47,8.666666666666666,1552620684.0
521,70.5,8.683333333333334,1552620685.0
522,70.53,8.7,1552620686.0
523,70.57,8.716666666666667,1552620687.0
524,70.6,8.733333333333333,1552620688.0
525,70.63,8.75,1552620689.0
526,70.65,8.766666666666667,1552620690.0
527,70.67,8.783333333333333,1552620691.0
528,70.7,8.8,1552620692.0
529,70.73,8.816666666666666,1552620693.0
530,70.75,8.833333333333334,1552620694.0
531,70.77,8.85,1552620695.0
532,70.8,8.866666666666667,1552620696.0
533,70.82,8.883333333333333,1552620697.0
534,70.82,8.9,1552620698.0
535,70.8,8.916666666666666,1552620699.0
536,70.8,8.933333333333334,1552620700.0
537,70.8,8.95,1552620701.0
538,70.8,8.966666666666667,1552620702.0
539,70.82,8.983333333333333,1552620703.0
540,70.87,9.0,1552620704.0
541,70.92,9.016666666666667,1552620705.0
542,70.97,9.033333333333333,1552620706.0
543,71.03,9.05,1552620707.0
544,71.07,9.066666666666666,1552620708.0
545,71.07,9.083333333333334,1552620709.0
546,71.05,9.1,1552620710.0
547,71.03,9.116666666666667,1552620711.0
548,71.02,9.133333333333333,1552620712.0
549,71.0,9.15,1552620713.0
550,70.98,9.166666666666666,1552620714.0
551,70.98,9.183333333333334,1552620715.0
552,70.98,9.2,1552620716.0
553,71.0,9.216666666666667,1552620717.0
554,71.02,9.233333333333333,1552620718.0
555,71.05,9.25,1552620719.0
556,71.08,9.266666666666667,1552620720.0
557,71.02,9.283333333333333,1552620721.0
558,70.93,9.3,1552620722.0
559,70.83,9.316666666666666,1552620723.0
560,70.73,9.333333333333334,1552620724.0
561,70.63,9.35,1552620725.0
562,70.52,9.366666666666667,1552620726.0
563,70.38,9.383333333333333,1552620727.0
564,70.35,9.4,1552620728.0
565,70.3,9.416666666666666,1552620729.0
566,70.22,9.433333333333334,1552620730.0
567,70.15,9.45,1552620731.0
568,70.08,9.466666666666667,1552620732.0
569,70.02,9.483333333333333,1552620733.0
570,69.97,9.5,1552620734.0
571,69.92,9.516666666666667,1552620735.0
572,69.9,9.533333333333333,1552620736.0
573,69.87,9.55,1552620737.0
574,69.83,9.566666666666666,1552620738.0
575,69.82,9.583333333333334,1552620739.0
576,69.8,9.6,1552620740.0
577,69.8,9.616666666666667,1552620741.0
578,69.78,9.633333333333333,1552620742.0
579,69.78,9.65,1552620743.0
580,69.8,9.666666666666666,1552620744.0
581,69.82,9.683333333333334,1552620745.0
582,69.82,9.7,1552620746.0
583,69.82,9.716666666666667,1552620747.0
584,69.82,9.733333333333333,1552620748.0
585,69.8,9.75,1552620749.0
586,69.78,9.766666666666667,1552620750.0
587,69.78,9.783333333333333,1552620751.0
588,69.77,9.8,1552620752.0
589,69.75,9.816666666666666,1552620753.0
590,69.73,9.833333333333334,1552620754.0
591,69.72,9.85,1552620755.0
592,69.72,9.866666666666667,1552620756.0
593,69.72,9.883333333333333,1552620757.0
594,69.73,9.9,1552620758.0
595,69.77,9.916666666666666,1552620759.0
596,69.78,9.933333333333334,1552620760.0
597,69.82,9.95,1552620761.0
598,69.85,9.966666666666667,1552620762.0
599,69.87,9.983333333333333,1552620763.0
600,69.87,10.0,1552620764.0
601,69.85,10.016666666666667,1552620765.0
602,69.83,10.033333333333333,1552620766.0
603,69.82,10.05,1552620767.0
604,69.82,10.066666666666666,1552620768.0
605,69.82,10.083333333333334,1552620769.0
606,69.83,10.1,1552620770.0
607,69.87,10.116666666666667,1552620771.0
608,69.9,10.133333333333333,1552620772.0
609,69.92,10.15,1552620773.0
610,69.95,10.166666666666666,1552620774.0
611,69.97,10.183333333333334,1552620775.0
612,69.98,10.2,1552620776.0
613,70.0,10.216666666666667,1552620777.0
614,70.02,10.233333333333333,1552620778.0
615,70.02,10.25,1552620779.0
616,70.02,10.266666666666667,1552620780.0
617,70.02,10.283333333333333,1552620781.0
618,70.02,10.3,1552620782.0
619,70.02,10.316666666666666,1552620783.0
620,70.02,10.333333333333334,1552620784.0
621,70.0,10.35,1552620785.0
622,70.0,10.366666666666667,1552620786.0
623,70.0,10.383333333333333,1552620787.0
624,70.0,10.4,1552620788.0
625,69.98,10.416666666666666,1552620789.0
626,69.98,10.433333333333334,1552620790.0
627,69.98,10.45,1552620791.0
628,70.0,10.466666666666667,1552620792.0
629,70.02,10.483333333333333,1552620793.0
630,70.03,10.5,1552620794.0
631,70.05,10.516666666666667,1552620795.0
632,70.08,10.533333333333333,1552620796.0
633,70.12,10.55,1552620797.0
634,70.15,10.566666666666666,1552620798.0
635,70.15,10.583333333333334,1552620799.0
636,70.15,10.6,1552620800.0
637,70.12,10.616666666666667,1552620801.0
638,70.08,10.633333333333333,1552620802.0
639,70.05,10.65,1552620803.0
640,70.02,10.666666666666666,1552620804.0
641,70.0,10.683333333333334,1552620805.0
642,70.03,10.7,1552620806.0
643,70.1,10.716666666666667,1552620807.0
644,70.17,10.733333333333333,1552620808.0
645,70.27,10.75,1552620809.0
646,70.38,10.766666666666667,1552620810.0
647,70.5,10.783333333333333,1552620811.0
648,70.65,10.8,1552620812.0
649,70.8,10.816666666666666,1552620813.0
650,70.97,10.833333333333334,1552620814.0
651,71.08,10.85,1552620815.0
652,71.55,10.866666666666667,1552620816.0
653,72.3,10.883333333333333,1552620817.0
654,73.0,10.9,1552620818.0
655,73.62,10.916666666666666,1552620819.0
656,74.17,10.933333333333334,1552620820.0
657,74.73,10.95,1552620821.0
658,75.28,10.966666666666667,1552620822.0
659,75.85,10.983333333333333,1552620823.0
660,76.42,11.0,1552620824.0
661,77.02,11.016666666666667,1552620825.0
662,77.65,11.033333333333333,1552620826.0
663,78.23,11.05,1552620827.0
664,78.82,11.066666666666666,1552620828.0
665,79.4,11.083333333333334,1552620829.0
666,79.97,11.1,1552620830.0
667,80.47,11.116666666666667,1552620831.0
668,81.03,11.133333333333333,1552620832.0
669,81.63,11.15,1552620833.0
670,82.15,11.166666666666666,1552620834.0
671,82.65,11.183333333333334,1552620835.0
672,83.17,11.2,1552620836.0
673,83.83,11.216666666666667,1552620837.0
674,84.65,11.233333333333333,1552620838.0
675,85.45,11.25,1552620839.0
676,86.23,11.266666666666667,1552620840.0
677,87.0,11.283333333333333,1552620841.0
678,87.75,11.3,1552620842.0
679,88.75,11.316666666666666,1552620843.0
680,89.7,11.333333333333334,1552620844.0
681,90.67,11.35,1552620845.0
682,91.63,11.366666666666667,1552620846.0
683,92.58,11.383333333333333,1552620847.0
684,93.47,11.4,1552620848.0
685,94.4,11.416666666666666,1552620849.0
686,95.38,11.433333333333334,1552620850.0
687,96.38,11.45,1552620851.0
688,97.5,11.466666666666667,1552620852.0
689,98.65,11.483333333333333,1552620853.0
690,99.87,11.5,1552620854.0
691,101.08,11.516666666666667,1552620855.0
692,102.23,11.533333333333333,1552620856.0
693,103.38,11.55,1552620857.0
694,104.52,11.566666666666666,1552620858.0
695,105.67,11.583333333333334,1552620859.0
696,106.82,11.6,1552620860.0
697,107.98,11.616666666666667,1552620861.0
698,109.15,11.633333333333333,1552620862.0
699,110.32,11.65,1552620863.0
700,111.52,11.666666666666666,1552620864.0
701,112.7,11.683333333333334,1552620865.0
702,113.87,11.7,1552620866.0
703,115.02,11.716666666666667,1552620867.0
704,116.18,11.733333333333333,1552620868.0
705,117.33,11.75,1552620869.0
706,118.6,11.766666666666667,1552620870.0
707,118.57,11.783333333333333,1552620871.0
708,118.52,11.8,1552620872.0
709,118.47,11.816666666666666,1552620873.0
710,118.42,11.833333333333334,1552620874.0
711,118.42,11.85,1552620875.0
712,118.05,11.866666666666667,1552620876.0
713,117.38,11.883333333333333,1552620877.0
714,116.77,11.9,1552620878.0
715,116.22,11.916666666666666,1552620879.0
716,115.73,11.933333333333334,1552620880.0
717,115.22,11.95,1552620881.0
718,114.72,11.966666666666667,1552620882.0
719,114.2,11.983333333333333,1552620883.0
720,113.67,12.0,1552620884.0
721,113.12,12.016666666666667,1552620885.0
722,112.53,12.033333333333333,1552620886.0
723,111.98,12.05,1552620887.0
724,111.43,12.066666666666666,1552620888.0
725,110.9,12.083333333333334,1552620889.0
726,110.38,12.1,1552620890.0
727,109.93,12.116666666666667,1552620891.0
728,109.42,12.133333333333333,1552620892.0
729,108.88,12.15,1552620893.0
730,108.42,12.166666666666666,1552620894.0
731,107.95,12.183333333333334,1552620895.0
732,107.47,12.2,1552620896.0
733,106.82,12.216666666666667,1552620897.0
734,106.0,12.233333333333333,1552620898.0
735,105.2,12.25,1552620899.0
736,104.42,12.266666666666667,1552620900.0
737,103.63,12.283333333333333,1552620901.0
738,102.88,12.3,1552620902.0
739,101.88,12.316666666666666,1552620903.0
740,100.92,12.333333333333334,1552620904.0
741,99.93,12.35,1552620905.0
742,98.92,12.366666666666667,1552620906.0
743,97.92,12.383333333333333,1552620907.0
744,96.98,12.4,1552620908.0
745,96.0,12.416666666666666,1552620909.0
746,94.97,12.433333333333334,1552620910.0
747,93.92,12.45,1552620911.0
748,92.75,12.466666666666667,1552620912.0
749,91.55,12.483333333333333,1552620913.0
750,90.28,12.5,1552620914.0
751,89.02,12.516666666666667,1552620915.0
752,87.8,12.533333333333333,1552620916.0
753,86.58,12.55,1552620917.0
754,85.38,12.566666666666666,1552620918.0
755,84.2,12.583333333333334,1552620919.0
756,83.02,12.6,1552620920.0
757,81.83,12.616666666666667,1552620921.0
758,80.67,12.633333333333333,1552620922.0
759,79.48,12.65,1552620923.0
760,78.27,12.666666666666666,1552620924.0
761,77.07,12.683333333333334,1552620925.0
762,75.85,12.7,1552620926.0
763,74.62,12.716666666666667,1552620927.0
764,73.37,12.733333333333333,1552620928.0
765,72.12,12.75,1552620929.0
766,70.75,12.766666666666667,1552620930.0
767,70.67,12.783333333333333,1552620931.0
768,70.58,12.8,1552620932.0
769,70.48,12.816666666666666,1552620933.0
770,70.38,12.833333333333334,1552620934.0
771,70.3,12.85,1552620935.0
772,70.22,12.866666666666667,1552620936.0
773,70.17,12.883333333333333,1552620937.0
774,70.12,12.9,1552620938.0
775,70.08,12.916666666666666,1552620939.0
776,70.05,12.933333333333334,1552620940.0
777,70.02,12.95,1552620941.0
778,69.98,12.966666666666667,1552620942.0
779,69.95,12.983333333333333,1552620943.0
780,69.93,13.0,1552620944.0
781,69.9,13.016666666666667,1552620945.0
782,69.87,13.033333333333333,1552620946.0
783,69.83,13.05,1552620947.0
784,69.8,13.066666666666666,1552620948.0
785,69.75,13.083333333333334,1552620949.0
786,69.7,13.1,1552620950.0
787,69.63,13.116666666666667,1552620951.0
788,69.57,13.133333333333333,1552620952.0
789,69.5,13.15,1552620953.0
790,69.43,13.166666666666666,1552620954.0
791,69.37,13.183333333333334,1552620955.0
792,69.28,13.2,1552620956.0
793,69.22,13.216666666666667,1552620957.0
794,69.17,13.233333333333333,1552620958.0
795,69.13,13.25,1552620959.0
796,69.12,13.266666666666667,1552620960.0
797,69.12,13.283333333333333,1552620961.0
798,69.12,13.3,1552620962.0
799,69.13,13.316666666666666,1552620963.0
800,69.18,13.333333333333334,1552620964.0
801,69.23,13.35,1552620965.0
802,69.3,13.366666666666667,1552620966.0
803,69.37,13.383333333333333,1552620967.0
804,69.43,13.4,1552620968.0
805,69.48,13.416666666666666,1552620969.0
806,69.53,13.433333333333334,1552620970.0
807,69.58,13.45,1552620971.0
808,69.6,13.466666666666667,1552620972.0
809,69.62,13.483333333333333,1552620973.0
810,69.63,13.5,1552620974.0
811,69.65,13.516666666666667,1552620975.0
812,69.67,13.533333333333333,1552620976.0
813,69.7,13.55,1552620977.0
814,69.73,13.566666666666666,1552620978.0
815,69.73,13.583333333333334,1552620979.0
816,69.73,13.6,1552620980.0
817,69.73,13.616666666666667,1552620981.0
818,69.72,13.633333333333333,1552620982.0
819,69.72,13.65,1552620983.0
820,69.72,13.666666666666666,1552620984.0
821,69.7,13.683333333333334,1552620985.0
822,69.7,13.7,1552620986.0
823,69.7,13.716666666666667,1552620987.0
824,69.7,13.733333333333333,1552620988.0
825,69.72,13.75,1552620989.0
826,69.73,13.766666666666667,1552620990.0
827,69.75,13.783333333333333,1552620991.0
828,69.77,13.8,1552620992.0
829,69.8,13.816666666666666,1552620993.0
830,69.83,13.833333333333334,1552620994.0
831,69.83,13.85,1552620995.0
832,69.83,13.866666666666667,1552620996.0
833,69.82,13.883333333333333,1552620997.0
834,69.82,13.9,1552620998.0
835,69.8,13.916666666666666,1552620999.0
836,69.78,13.933333333333334,1552621000.0
837,69.77,13.95,1552621001.0
838,69.73,13.966666666666667,1552621002.0
839,69.68,13.983333333333333,1552621003.0
840,69.62,14.0,1552621004.0
841,69.77,14.016666666666667,1552621005.0
842,70.08,14.033333333333333,1552621006.0
843,70.42,14.05,1552621007.0
844,70.68,14.066666666666666,1552621008.0
845,70.97,14.083333333333334,1552621009.0
846,71.27,14.1,1552621010.0
847,71.53,14.116666666666667,1552621011.0
848,71.8,14.133333333333333,1552621012.0
849,72.08,14.15,1552621013.0
850,72.38,14.166666666666666,1552621014.0
851,72.68,14.183333333333334,1552621015.0
852,73.02,14.2,1552621016.0
853,73.32,14.216666666666667,1552621017.0
854,73.57,14.233333333333333,1552621018.0
855,73.77,14.25,1552621019.0
856,73.97,14.266666666666667,1552621020.0
857,74.08,14.283333333333333,1552621021.0
858,74.2,14.3,1552621022.0
859,74.3,14.316666666666666,1552621023.0
860,74.4,14.333333333333334,1552621024.0
861,74.5,14.35,1552621025.0
862,74.62,14.366666666666667,1552621026.0
863,74.7,14.383333333333333,1552621027.0
864,74.78,14.4,1552621028.0
865,74.87,14.416666666666666,1552621029.0
866,74.95,14.433333333333334,1552621030.0
867,75.03,14.45,1552621031.0
868,75.08,14.466666666666667,1552621032.0
869,75.1,14.483333333333333,1552621033.0
870,75.12,14.5,1552621034.0
871,75.12,14.516666666666667,1552621035.0
872,75.12,14.533333333333333,1552621036.0
873,75.08,14.55,1552621037.0
874,75.12,14.566666666666666,1552621038.0
875,75.18,14.583333333333334,1552621039.0
876,75.23,14.6,1552621040.0
877,75.28,14.616666666666667,1552621041.0
878,75.33,14.633333333333333,1552621042.0
879,75.42,14.65,1552621043.0
880,75.4,14.666666666666666,1552621044.0
881,75.4,14.683333333333334,1552621045.0
882,75.38,14.7,1552621046.0
883,75.38,14.716666666666667,1552621047.0
884,75.37,14.733333333333333,1552621048.0
885,75.37,14.75,1552621049.0
886,75.4,14.766666666666667,1552621050.0
887,75.4,14.783333333333333,1552621051.0
888,75.38,14.8,1552621052.0
889,75.38,14.816666666666666,1552621053.0
890,75.42,14.833333333333334,1552621054.0
891,75.43,14.85,1552621055.0
892,75.42,14.866666666666667,1552621056.0
893,75.48,14.883333333333333,1552621057.0
894,75.5,14.9,1552621058.0
895,75.55,14.916666666666666,1552621059.0
896,75.62,14.933333333333334,1552621060.0
897,75.68,14.95,1552621061.0
898,75.8,14.966666666666667,1552621062.0
899,75.87,14.983333333333333,1552621063.0
900,75.85,15.0,1552621064.0
901,75.65,15.016666666666667,1552621065.0
902,75.33,15.033333333333333,1552621066.0
903,75.17,15.05,1552621067.0
904,75.03,15.066666666666666,1552621068.0
905,74.85,15.083333333333334,1552621069.0
906,74.62,15.1,1552621070.0
907,74.42,15.116666666666667,1552621071.0
908,74.18,15.133333333333333,1552621072.0
909,73.97,15.15,1552621073.0
910,73.73,15.166666666666666,1552621074.0
911,73.5,15.183333333333334,1552621075.0
912,73.28,15.2,1552621076.0
913,73.08,15.216666666666667,1552621077.0
914,72.93,15.233333333333333,1552621078.0
915,72.87,15.25,1552621079.0
916,72.72,15.266666666666667,1552621080.0
917,72.65,15.283333333333333,1552621081.0
918,72.55,15.3,1552621082.0
919,72.48,15.316666666666666,1552621083.0
920,72.38,15.333333333333334,1552621084.0
921,72.25,15.35,1552621085.0
922,72.12,15.366666666666667,1552621086.0
923,71.98,15.383333333333333,1552621087.0
924,71.92,15.4,1552621088.0
925,71.88,15.416666666666666,1552621089.0
926,71.88,15.433333333333334,1552621090.0
927,71.92,15.45,1552621091.0
928,72.0,15.466666666666667,1552621092.0
929,72.15,15.483333333333333,1552621093.0
930,72.37,15.5,1552621094.0
931,72.65,15.516666666666667,1552621095.0
932,72.93,15.533333333333333,1552621096.0
933,73.23,15.55,1552621097.0
934,73.47,15.566666666666666,1552621098.0
935,73.67,15.583333333333334,1552621099.0
936,73.82,15.6,1552621100.0
937,73.95,15.616666666666667,1552621101.0
938,74.08,15.633333333333333,1552621102.0
939,74.18,15.65,1552621103.0
940,74.38,15.666666666666666,1552621104.0
941,74.58,15.683333333333334,1552621105.0
942,74.63,15.7,1552621106.0
943,74.68,15.716666666666667,1552621107.0
944,74.75,15.733333333333333,1552621108.0
945,74.77,15.75,1552621109.0
946,74.97,15.766666666666667,1552621110.0
947,75.2,15.783333333333333,1552621111.0
948,75.48,15.8,1552621112.0
949,75.73,15.816666666666666,1552621113.0
950,75.95,15.833333333333334,1552621114.0
951,76.18,15.85,1552621115.0
952,76.43,15.866666666666667,1552621116.0
953,76.57,15.883333333333333,1552621117.0
954,76.75,15.9,1552621118.0
955,76.87,15.916666666666666,1552621119.0
956,76.97,15.933333333333334,1552621120.0
957,77.05,15.95,1552621121.0
958,77.1,15.966666666666667,1552621122.0
959,77.17,15.983333333333333,1552621123.0
960,77.33,16.0,1552621124.0
961,77.47,16.016666666666666,1552621125.0
962,77.55,16.033333333333335,1552621126.0
963,77.48,16.05,1552621127.0
964,77.45,16.066666666666666,1552621128.0
965,77.47,16.083333333333332,1552621129.0
966,77.55,16.1,1552621130.0
967,77.63,16.116666666666667,1552621131.0
968,77.73,16.133333333333333,1552621132.0
969,77.8,16.15,1552621133.0
970,77.85,16.166666666666668,1552621134.0
971,77.92,16.183333333333334,1552621135.0
972,77.95,16.2,1552621136.0
973,78.0,16.216666666666665,1552621137.0
974,78.03,16.233333333333334,1552621138.0
975,78.05,16.25,1552621139.0
976,78.13,16.266666666666666,1552621140.0
977,78.23,16.283333333333335,1552621141.0
978,78.35,16.3,1552621142.0
979,78.45,16.316666666666666,1552621143.0
980,78.57,16.333333333333332,1552621144.0
981,78.73,16.35,1552621145.0
982,78.88,16.366666666666667,1552621146.0
983,79.08,16.383333333333333,1552621147.0
984,79.22,16.4,1552621148.0
985,79.35,16.416666666666668,1552621149.0
986,79.45,16.433333333333334,1552621150.0
987,79.52,16.45,1552621151.0
988,79.57,16.466666666666665,1552621152.0
989,79.58,16.483333333333334,1552621153.0
990,79.52,16.5,1552621154.0
991,79.38,16.516666666666666,1552621155.0
992,79.23,16.533333333333335,1552621156.0
993,79.08,16.55,1552621157.0
994,78.92,16.566666666666666,1552621158.0
995,78.77,16.583333333333332,1552621159.0
996,78.7,16.6,1552621160.0
997,78.65,16.616666666666667,1552621161.0
998,78.6,16.633333333333333,1552621162.0
999,78.58,16.65,1552621163.0
1000,78.55,16.666666666666668,1552621164.0
1001,78.5,16.683333333333334,1552621165.0
1002,78.58,16.7,1552621166.0
1003,78.67,16.716666666666665,1552621167.0
1004,78.75,16.733333333333334,1552621168.0
1005,78.85,16.75,1552621169.0
1006,78.75,16.766666666666666,1552621170.0
1007,78.73,16.783333333333335,1552621171.0
1008,78.63,16.8,1552621172.0
1009,78.58,16.816666666666666,1552621173.0
1010,78.53,16.833333333333332,1552621174.0
1011,78.52,16.85,1552621175.0
1012,78.52,16.866666666666667,1552621176.0
1013,78.55,16.883333333333333,1552621177.0
1014,78.57,16.9,1552621178.0
1015,78.62,16.916666666666668,1552621179.0
1016,78.67,16.933333333333334,1552621180.0
1017,78.73,16.95,1552621181.0
1018,78.8,16.966666666666665,1552621182.0
1019,78.88,16.983333333333334,1552621183.0
1020,78.97,17.0,1552621184.0
1021,79.07,17.016666666666666,1552621185.0
1022,79.15,17.033333333333335,1552621186.0
1023,79.22,17.05,1552621187.0
1024,79.28,17.066666666666666,1552621188.0
1025,79.33,17.083333333333332,1552621189.0
1026,79.35,17.1,1552621190.0
1027,79.35,17.116666666666667,1552621191.0
1028,79.37,17.133333333333333,1552621192.0
1029,79.37,17.15,1552621193.0
1030,79.38,17.166666666666668,1552621194.0
1031,79.38,17.183333333333334,1552621195.0
1032,79.37,17.2,1552621196.0
1033,79.35,17.216666666666665,1552621197.0
1034,79.33,17.233333333333334,1552621198.0
1035,79.32,17.25,1552621199.0
1036,79.28,17.266666666666666,1552621200.0
1037,79.25,17.283333333333335,1552621201.0
1038,79.2,17.3,1552621202.0
1039,79.13,17.316666666666666,1552621203.0
1040,79.08,17.333333333333332,1552621204.0
1041,79.02,17.35,1552621205.0
1042,78.97,17.366666666666667,1552621206.0
1043,78.9,17.383333333333333,1552621207.0
1044,78.83,17.4,1552621208.0
1045,78.73,17.416666666666668,1552621209.0
1046,78.63,17.433333333333334,1552621210.0
1047,78.53,17.45,1552621211.0
1048,78.47,17.466666666666665,1552621212.0
1049,78.4,17.483333333333334,1552621213.0
1050,78.35,17.5,1552621214.0
1051,78.32,17.516666666666666,1552621215.0
1052,78.28,17.533333333333335,1552621216.0
1053,78.25,17.55,1552621217.0
1054,78.23,17.566666666666666,1552621218.0
1055,78.22,17.583333333333332,1552621219.0
1056,78.17,17.6,1552621220.0
1057,78.1,17.616666666666667,1552621221.0
1058,78.03,17.633333333333333,1552621222.0
1059,77.95,17.65,1552621223.0
1060,77.87,17.666666666666668,1552621224.0
1061,77.78,17.683333333333334,1552621225.0
1062,77.73,17.7,1552621226.0
1063,77.65,17.716666666666665,1552621227.0
1064,77.57,17.733333333333334,1552621228.0
1065,77.5,17.75,1552621229.0
1066,77.4,17.766666666666666,1552621230.0
1067,77.22,17.783333333333335,1552621231.0
1068,77.1,17.8,1552621232.0
1069,76.97,17.816666666666666,1552621233.0
1070,76.82,17.833333333333332,1552621234.0
1071,76.67,17.85,1552621235.0
1072,76.52,17.866666666666667,1552621236.0
1073,76.37,17.883333333333333,1552621237.0
1074,76.22,17.9,1552621238.0
1075,76.07,17.916666666666668,1552621239.0
1076,75.92,17.933333333333334,1552621240.0
1077,75.77,17.95,1552621241.0
1078,75.62,17.966666666666665,1552621242.0
1079,75.5,17.983333333333334,1552621243.0
1080,75.38,18.0,1552621244.0
1081,75.25,18.016666666666666,1552621245.0
1082,75.13,18.033333333333335,1552621246.0
1083,75.05,18.05,1552621247.0
1084,74.95,18.066666666666666,1552621248.0
1085,74.87,18.083333333333332,1552621249.0
1086,74.78,18.1,1552621250.0
1087,74.72,18.116666666666667,1552621251.0
1088,74.65,18.133333333333333,1552621252.0
1089,74.62,18.15,1552621253.0
1090,74.58,18.166666666666668,1552621254.0
1091,74.57,18.183333333333334,1552621255.0
1092,74.57,18.2,1552621256.0
1093,74.57,18.216666666666665,1552621257.0
1094,74.58,18.233333333333334,1552621258.0
1095,74.58,18.25,1552621259.0
1096,74.6,18.266666666666666,1552621260.0
1097,74.62,18.283333333333335,1552621261.0
1098,74.65,18.3,1552621262.0
1099,74.68,18.316666666666666,1552621263.0
1100,74.72,18.333333333333332,1552621264.0
1101,74.75,18.35,1552621265.0
1102,74.77,18.366666666666667,1552621266.0
1103,74.78,18.383333333333333,1552621267.0
1104,74.78,18.4,1552621268.0
1105,74.8,18.416666666666668,1552621269.0
1106,74.82,18.433333333333334,1552621270.0
1107,74.83,18.45,1552621271.0
1108,74.83,18.466666666666665,1552621272.0
1109,74.83,18.483333333333334,1552621273.0
1110,74.83,18.5,1552621274.0
1111,74.82,18.516666666666666,1552621275.0
1112,74.83,18.533333333333335,1552621276.0
1113,74.85,18.55,1552621277.0
1114,74.87,18.566666666666666,1552621278.0
1115,74.88,18.583333333333332,1552621279.0
1116,74.93,18.6,1552621280.0
1117,75.0,18.616666666666667,1552621281.0
1118,75.08,18.633333333333333,1552621282.0
1119,75.17,18.65,1552621283.0
1120,75.27,18.666666666666668,1552621284.0
1121,75.35,18.683333333333334,1552621285.0
1122,75.43,18.7,1552621286.0
1123,75.52,18.716666666666665,1552621287.0
1124,75.6,18.733333333333334,1552621288.0
1125,75.67,18.75,1552621289.0
1126,75.73,18.766666666666666,1552621290.0
1127,75.77,18.783333333333335,1552621291.0
1128,75.78,18.8,1552621292.0
1129,75.78,18.816666666666666,1552621293.0
1130,75.78,18.833333333333332,1552621294.0
1131,75.75,18.85,1552621295.0
1132,75.72,18.866666666666667,1552621296.0
1133,75.68,18.883333333333333,1552621297.0
1134,75.65,18.9,1552621298.0
1135,75.62,18.916666666666668,1552621299.0
1136,75.62,18.933333333333334,1552621300.0
1137,75.62,18.95,1552621301.0
1138,75.62,18.966666666666665,1552621302.0
1139,75.62,18.983333333333334,1552621303.0
1140,75.62,19.0,1552621304.0
1141,75.63,19.016666666666666,1552621305.0
1142,75.65,19.033333333333335,1552621306.0
1143,75.62,19.05,1552621307.0
1144,75.6,19.066666666666666,1552621308.0
1145,75.58,19.083333333333332,1552621309.0
1146,75.58,19.1,1552621310.0
1147,75.58,19.116666666666667,1552621311.0
1148,75.57,19.133333333333333,1552621312.0
1149,75.53,19.15,1552621313.0
1150,75.5,19.166666666666668,1552621314.0
1151,75.48,19.183333333333334,1552621315.0
1152,75.47,19.2,1552621316.0
1153,75.45,19.216666666666665,1552621317.0
1154,75.43,19.233333333333334,1552621318.0
1155,75.4,19.25,1552621319.0
1156,75.37,19.266666666666666,1552621320.0
1157,75.32,19.283333333333335,1552621321.0
1158,75.28,19.3,1552621322.0
1159,75.25,19.316666666666666,1552621323.0
1160,75.2,19.333333333333332,1552621324.0
1161,75.15,19.35,1552621325.0
1162,75.1,19.366666666666667,1552621326.0
1163,75.05,19.383333333333333,1552621327.0
1164,75.02,19.4,1552621328.0
1165,74.98,19.416666666666668,1552621329.0
1166,74.95,19.433333333333334,1552621330.0
1167,74.92,19.45,1552621331.0
1168,74.88,19.466666666666665,1552621332.0
1169,74.87,19.483333333333334,1552621333.0
1170,74.85,19.5,1552621334.0
1171,74.87,19.516666666666666,1552621335.0
1172,74.87,19.533333333333335,1552621336.0
1173,74.87,19.55,1552621337.0
1174,74.87,19.566666666666666,1552621338.0
1175,74.87,19.583333333333332,1552621339.0
1176,74.87,19.6,1552621340.0
1177,74.83,19.616666666666667,1552621341.0
1178,74.78,19.633333333333333,1552621342.0
1179,74.72,19.65,1552621343.0
1180,74.65,19.666666666666668,1552621344.0
1181,74.6,19.683333333333334,1552621345.0
1182,74.55,19.7,1552621346.0
1183,74.5,19.716666666666665,1552621347.0
1184,74.45,19.733333333333334,1552621348.0
1185,74.4,19.75,1552621349.0
1186,74.37,19.766666666666666,1552621350.0
1187,74.38,19.783333333333335,1552621351.0
1188,74.4,19.8,1552621352.0
1189,74.4,19.816666666666666,1552621353.0
1190,74.42,19.833333333333332,1552621354.0
1191,74.45,19.85,1552621355.0
1192,74.48,19.866666666666667,1552621356.0
1193,74.52,19.883333333333333,1552621357.0
1194,74.55,19.9,1552621358.0
1195,74.58,19.916666666666668,1552621359.0
1196,74.58,19.933333333333334,1552621360.0
1197,74.58,19.95,1552621361.0
1198,74.58,19.966666666666665,1552621362.0
1199,74.57,19.983333333333334,1552621363.0
1200,74.53,20.0,1552621364.0
1201,74.5,20.016666666666666,1552621365.0
1202,74.47,20.033333333333335,1552621366.0
1203,74.45,20.05,1552621367.0
1204,74.43,20.066666666666666,1552621368.0
1205,74.42,20.083333333333332,1552621369.0
1206,74.37,20.1,1552621370.0
1207,74.33,20.116666666666667,1552621371.0
1208,74.32,20.133333333333333,1552621372.0
1209,74.3,20.15,1552621373.0
1210,74.28,20.166666666666668,1552621374.0
1211,74.25,20.183333333333334,1552621375.0
1212,74.22,20.2,1552621376.0
1213,74.18,20.216666666666665,1552621377.0
1214,74.15,20.233333333333334,1552621378.0
1215,74.13,20.25,1552621379.0
1216,74.12,20.266666666666666,1552621380.0
1217,74.1,20.283333333333335,1552621381.0
1218,74.07,20.3,1552621382.0
1219,74.05,20.316666666666666,1552621383.0
1220,74.03,20.333333333333332,1552621384.0
1221,74.02,20.35,1552621385.0
1222,74.0,20.366666666666667,1552621386.0
1223,73.98,20.383333333333333,1552621387.0
1224,73.97,20.4,1552621388.0
1225,73.95,20.416666666666668,1552621389.0
1226,73.93,20.433333333333334,1552621390.0
1227,73.92,20.45,1552621391.0
1228,73.9,20.466666666666665,1552621392.0
1229,73.85,20.483333333333334,1552621393.0
1230,73.8,20.5,1552621394.0
1231,73.73,20.516666666666666,1552621395.0
1232,73.65,20.533333333333335,1552621396.0
1233,73.57,20.55,1552621397.0
1234,73.47,20.566666666666666,1552621398.0
1235,73.37,20.583333333333332,1552621399.0
1236,73.25,20.6,1552621400.0
1237,73.17,20.616666666666667,1552621401.0
1238,73.1,20.633333333333333,1552621402.0
1239,73.05,20.65,1552621403.0
1240,73.02,20.666666666666668,1552621404.0
1241,73.0,20.683333333333334,1552621405.0
1242,72.95,20.7,1552621406.0
1243,72.92,20.716666666666665,1552621407.0
1244,72.88,20.733333333333334,1552621408.0
1245,72.83,20.75,1552621409.0
1246,72.77,20.766666666666666,1552621410.0
1247,72.67,20.783333333333335,1552621411.0
1248,72.55,20.8,1552621412.0
1249,72.45,20.816666666666666,1552621413.0
1250,72.37,20.833333333333332,1552621414.0
1251,72.28,20.85,1552621415.0
1252,72.2,20.866666666666667,1552621416.0
1253,72.13,20.883333333333333,1552621417.0
1254,72.07,20.9,1552621418.0
1255,72.02,20.916666666666668,1552621419.0
1256,71.97,20.933333333333334,1552621420.0
1257,71.93,20.95,1552621421.0
1258,71.9,20.966666666666665,1552621422.0
1259,71.9,20.983333333333334,1552621423.0
1260,71.92,21.0,1552621424.0
1261,71.93,21.016666666666666,1552621425.0
1262,71.95,21.033333333333335,1552621426.0
1263,72.0,21.05,1552621427.0
1264,72.05,21.066666666666666,1552621428.0
1265,72.1,21.083333333333332,1552621429.0
1266,72.15,21.1,1552621430.0
1267,72.18,21.116666666666667,1552621431.0
1268,72.23,21.133333333333333,1552621432.0
1269,72.28,21.15,1552621433.0
1270,72.33,21.166666666666668,1552621434.0
1271,72.38,21.183333333333334,1552621435.0
1272,72.43,21.2,1552621436.0
1273,72.48,21.216666666666665,1552621437.0
1274,72.53,21.233333333333334,1552621438.0
1275,72.58,21.25,1552621439.0
1276,72.65,21.266666666666666,1552621440.0
1277,72.7,21.283333333333335,1552621441.0
1278,72.75,21.3,1552621442.0
1279,72.78,21.316666666666666,1552621443.0
1280,72.8,21.333333333333332,1552621444.0
1281,72.82,21.35,1552621445.0
1282,72.82,21.366666666666667,1552621446.0
1283,72.82,21.383333333333333,1552621447.0
1284,72.82,21.4,1552621448.0
1285,72.82,21.416666666666668,1552621449.0
1286,72.83,21.433333333333334,1552621450.0
1287,72.87,21.45,1552621451.0
1288,72.9,21.466666666666665,1552621452.0
1289,72.95,21.483333333333334,1552621453.0
1290,73.0,21.5,1552621454.0
1291,73.05,21.516666666666666,1552621455.0
1292,73.13,21.533333333333335,1552621456.0
1293,73.2,21.55,1552621457.0
1294,73.28,21.566666666666666,1552621458.0
1295,73.37,21.583333333333332,1552621459.0
1296,73.45,21.6,1552621460.0
1297,73.53,21.616666666666667,1552621461.0
1298,73.6,21.633333333333333,1552621462.0
1299,73.65,21.65,1552621463.0
1300,73.67,21.666666666666668,1552621464.0
1301,73.67,21.683333333333334,1552621465.0
1302,73.68,21.7,1552621466.0
1303,73.7,21.716666666666665,1552621467.0
1304,73.72,21.733333333333334,1552621468.0
1305,73.75,21.75,1552621469.0
1306,73.8,21.766666666666666,1552621470.0
1307,73.87,21.783333333333335,1552621471.0
1308,73.95,21.8,1552621472.0
1309,74.03,21.816666666666666,1552621473.0
1310,74.1,21.833333333333332,1552621474.0
1311,74.17,21.85,1552621475.0
1312,74.25,21.866666666666667,1552621476.0
1313,74.32,21.883333333333333,1552621477.0
1314,74.38,21.9,1552621478.0
1315,74.43,21.916666666666668,1552621479.0
1316,74.52,21.933333333333334,1552621480.0
1317,74.58,21.95,1552621481.0
1318,74.65,21.966666666666665,1552621482.0
1319,74.7,21.983333333333334,1552621483.0
1320,74.73,22.0,1552621484.0
1321,74.75,22.016666666666666,1552621485.0
1322,74.77,22.033333333333335,1552621486.0
1323,74.77,22.05,1552621487.0
1324,74.77,22.066666666666666,1552621488.0
1325,74.77,22.083333333333332,1552621489.0
1326,74.78,22.1,1552621490.0
1327,74.8,22.116666666666667,1552621491.0
1328,74.8,22.133333333333333,1552621492.0
1329,74.8,22.15,1552621493.0
1330,74.8,22.166666666666668,1552621494.0
1331,74.8,22.183333333333334,1552621495.0
1332,74.78,22.2,1552621496.0
1333,74.77,22.216666666666665,1552621497.0
1334,74.77,22.233333333333334,1552621498.0
1335,74.77,22.25,1552621499.0
1336,74.75,22.266666666666666,1552621500.0
1337,74.75,22.283333333333335,1552621501.0
1338,74.75,22.3,1552621502.0
1339,74.75,22.316666666666666,1552621503.0
1340,74.77,22.333333333333332,1552621504.0
1341,74.78,22.35,1552621505.0
1342,74.82,22.366666666666667,1552621506.0
1343,74.85,22.383333333333333,1552621507.0
1344,74.88,22.4,1552621508.0
1345,74.92,22.416666666666668,1552621509.0
1346,74.93,22.433333333333334,1552621510.0
1347,74.93,22.45,1552621511.0
1348,74.95,22.466666666666665,1552621512.0
1349,74.95,22.483333333333334,1552621513.0
1350,74.95,22.5,1552621514.0
1351,74.95,22.516666666666666,1552621515.0
1352,74.93,22.533333333333335,1552621516.0
1353,74.93,22.55,1552621517.0
1354,74.93,22.566666666666666,1552621518.0
1355,74.92,22.583333333333332,1552621519.0
1356,74.9,22.6,1552621520.0
1357,74.87,22.616666666666667,1552621521.0
1358,74.83,22.633333333333333,1552621522.0
1359,74.8,22.65,1552621523.0
1360,74.78,22.666666666666668,1552621524.0
1361,74.77,22.683333333333334,1552621525.0
1362,74.75,22.7,1552621526.0
1363,74.73,22.716666666666665,1552621527.0
1364,74.7,22.733333333333334,1552621528.0
1365,74.67,22.75,1552621529.0
1366,74.63,22.766666666666666,1552621530.0
1367,74.6,22.783333333333335,1552621531.0
1368,74.57,22.8,1552621532.0
1369,74.52,22.816666666666666,1552621533.0
1370,74.47,22.833333333333332,1552621534.0
1371,74.43,22.85,1552621535.0
1372,74.37,22.866666666666667,1552621536.0
1373,74.3,22.883333333333333,1552621537.0
1374,74.25,22.9,1552621538.0
1375,74.2,22.916666666666668,1552621539.0
1376,74.12,22.933333333333334,1552621540.0
1377,74.05,22.95,1552621541.0
1378,73.98,22.966666666666665,1552621542.0
1379,73.92,22.983333333333334,1552621543.0
1380,73.87,23.0,1552621544.0
1381,73.83,23.016666666666666,1552621545.0
1382,73.8,23.033333333333335,1552621546.0
1383,73.77,23.05,1552621547.0
1384,73.73,23.066666666666666,1552621548.0
1385,73.7,23.083333333333332,1552621549.0
1386,73.67,23.1,1552621550.0
1387,73.63,23.116666666666667,1552621551.0
1388,73.6,23.133333333333333,1552621552.0
1389,73.55,23.15,1552621553.0
1390,73.5,23.166666666666668,1552621554.0
1391,73.45,23.183333333333334,1552621555.0
1392,73.42,23.2,1552621556.0
1393,73.38,23.216666666666665,1552621557.0
1394,73.33,23.233333333333334,1552621558.0
1395,73.3,23.25,1552621559.0
1396,73.27,23.266666666666666,1552621560.0
1397,73.23,23.283333333333335,1552621561.0
1398,73.2,23.3,1552621562.0
1399,73.17,23.316666666666666,1552621563.0
1400,73.13,23.333333333333332,1552621564.0
1401,73.1,23.35,1552621565.0
1402,73.07,23.366666666666667,1552621566.0
1403,73.03,23.383333333333333,1552621567.0
1404,73.0,23.4,1552621568.0
1405,72.97,23.416666666666668,1552621569.0
1406,72.93,23.433333333333334,1552621570.0
1407,72.9,23.45,1552621571.0
1408,72.85,23.466666666666665,1552621572.0
1409,72.82,23.483333333333334,1552621573.0
1410,72.78,23.5,1552621574.0
1411,72.77,23.516666666666666,1552621575.0
1412,72.75,23.533333333333335,1552621576.0
1413,72.72,23.55,1552621577.0
1414,72.68,23.566666666666666,1552621578.0
1415,72.68,23.583333333333332,1552621579.0
1416,72.68,23.6,1552621580.0
1417,72.7,23.616666666666667,1552621581.0
1418,72.72,23.633333333333333,1552621582.0
1419,72.73,23.65,1552621583.0
1420,72.75,23.666666666666668,1552621584.0
1421,72.75,23.683333333333334,1552621585.0
1422,72.75,23.7,1552621586.0
1423,72.75,23.716666666666665,1552621587.0
1424,72.77,23.733333333333334,1552621588.0
1425,72.78,23.75,1552621589.0
1426,72.8,23.766666666666666,1552621590.0
1427,72.82,23.783333333333335,1552621591.0
1428,72.83,23.8,1552621592.0
1429,72.87,23.816666666666666,1552621593.0
1430,72.9,23.833333333333332,1552621594.0
1431,72.93,23.85,1552621595.0
1432,72.98,23.866666666666667,1552621596.0
1433,73.03,23.883333333333333,1552621597.0
1434,73.07,23.9,1552621598.0
1435,73.08,23.916666666666668,1552621599.0
1436,73.1,23.933333333333334,1552621600.0
1437,73.1,23.95,1552621601.0
1438,73.1,23.966666666666665,1552621602.0
1439,73.1,23.983333333333334,1552621603.0
1440,73.1,24.0,1552621604.0
1441,73.08,24.016666666666666,1552621605.0
1442,73.07,24.033333333333335,1552621606.0
1443,73.07,24.05,1552621607.0
1444,73.07,24.066666666666666,1552621608.0
1445,73.07,24.083333333333332,1552621609.0
1446,73.07,24.1,1552621610.0
1447,73.07,24.116666666666667,1552621611.0
1448,73.07,24.133333333333333,1552621612.0
1449,73.08,24.15,1552621613.0
1450,73.12,24.166666666666668,1552621614.0
1451,73.15,24.183333333333334,1552621615.0
1452,73.18,24.2,1552621616.0
1453,73.22,24.216666666666665,1552621617.0
1454,73.23,24.233333333333334,1552621618.0
1455,73.23,24.25,1552621619.0
1456,73.23,24.266666666666666,1552621620.0
1457,73.23,24.283333333333335,1552621621.0
1458,73.23,24.3,1552621622.0
1459,73.23,24.316666666666666,1552621623.0
1460,73.23,24.333333333333332,1552621624.0
1461,73.23,24.35,1552621625.0
1462,73.23,24.366666666666667,1552621626.0
1463,73.23,24.383333333333333,1552621627.0
1464,73.23,24.4,1552621628.0
1465,73.23,24.416666666666668,1552621629.0
1466,73.22,24.433333333333334,1552621630.0
1467,73.2,24.45,1552621631.0
1468,73.18,24.466666666666665,1552621632.0
1469,73.17,24.483333333333334,1552621633.0
1470,73.17,24.5,1552621634.0
1471,73.13,24.516666666666666,1552621635.0
1472,73.1,24.533333333333335,1552621636.0
1473,73.08,24.55,1552621637.0
1474,73.08,24.566666666666666,1552621638.0
1475,73.07,24.583333333333332,1552621639.0
1476,73.05,24.6,1552621640.0
1477,73.03,24.616666666666667,1552621641.0
1478,73.02,24.633333333333333,1552621642.0
1479,73.02,24.65,1552621643.0
1480,73.02,24.666666666666668,1552621644.0
1481,73.05,24.683333333333334,1552621645.0
1482,73.08,24.7,1552621646.0
1483,73.12,24.716666666666665,1552621647.0
1484,73.15,24.733333333333334,1552621648.0
1485,73.18,24.75,1552621649.0
1486,73.22,24.766666666666666,1552621650.0
1487,73.25,24.783333333333335,1552621651.0
1488,73.27,24.8,1552621652.0
1489,73.28,24.816666666666666,1552621653.0
1490,73.28,24.833333333333332,1552621654.0
1491,73.27,24.85,1552621655.0
1492,73.23,24.866666666666667,1552621656.0
1493,73.2,24.883333333333333,1552621657.0
1494,73.17,24.9,1552621658.0
1495,73.13,24.916666666666668,1552621659.0
1496,73.1,24.933333333333334,1552621660.0
1497,73.07,24.95,1552621661.0
1498,73.02,24.966666666666665,1552621662.0
1499,72.97,24.983333333333334,1552621663.0
1500,72.92,25.0,1552621664.0
1501,72.9,25.016666666666666,1552621665.0
1502,72.88,25.033333333333335,1552621666.0
1503,72.85,25.05,1552621667.0
1504,72.82,25.066666666666666,1552621668.0
1505,72.78,25.083333333333332,1552621669.0
1506,72.75,25.1,1552621670.0
1507,72.72,25.116666666666667,1552621671.0
1508,72.7,25.133333333333333,1552621672.0
1509,72.68,25.15,1552621673.0
1510,72.65,25.166666666666668,1552621674.0
1511,72.62,25.183333333333334,1552621675.0
1512,72.58,25.2,1552621676.0
1513,72.57,25.216666666666665,1552621677.0
1514,72.57,25.233333333333334,1552621678.0
1515,72.58,25.25,1552621679.0
1516,72.6,25.266666666666666,1552621680.0
1517,72.62,25.283333333333335,1552621681.0
1518,72.63,25.3,1552621682.0
1519,72.67,25.316666666666666,1552621683.0
1520,72.7,25.333333333333332,1552621684.0
1521,72.73,25.35,1552621685.0
1522,72.77,25.366666666666667,1552621686.0
1523,72.8,25.383333333333333,1552621687.0
1524,72.83,25.4,1552621688.0
1525,72.87,25.416666666666668,1552621689.0
1526,72.9,25.433333333333334,1552621690.0
1527,72.93,25.45,1552621691.0
1528,72.97,25.466666666666665,1552621692.0
1529,73.0,25.483333333333334,1552621693.0
1530,73.0,25.5,1552621694.0
1531,73.02,25.516666666666666,1552621695.0
1532,73.03,25.533333333333335,1552621696.0
1533,73.05,25.55,1552621697.0
1534,73.03,25.566666666666666,1552621698.0
1535,73.02,25.583333333333332,1552621699.0
1536,73.0,25.6,1552621700.0
1537,72.98,25.616666666666667,1552621701.0
1538,72.98,25.633333333333333,1552621702.0
1539,72.95,25.65,1552621703.0
1540,72.9,25.666666666666668,1552621704.0
1541,72.78,25.683333333333334,1552621705.0
1542,72.65,25.7,1552621706.0
1543,72.52,25.716666666666665,1552621707.0
1544,72.38,25.733333333333334,1552621708.0
1545,72.22,25.75,1552621709.0
1546,72.03,25.766666666666666,1552621710.0
1547,71.85,25.783333333333335,1552621711.0
1548,71.62,25.8,1552621712.0
1549,71.43,25.816666666666666,1552621713.0
1550,71.57,25.833333333333332,1552621714.0
1551,71.7,25.85,1552621715.0
1552,71.88,25.866666666666667,1552621716.0
1553,72.05,25.883333333333333,1552621717.0
1554,72.22,25.9,1552621718.0
1555,72.38,25.916666666666668,1552621719.0
1556,72.55,25.933333333333334,1552621720.0
1557,72.68,25.95,1552621721.0
1558,72.82,25.966666666666665,1552621722.0
1559,72.95,25.983333333333334,1552621723.0
1560,73.05,26.0,1552621724.0
1561,73.12,26.016666666666666,1552621725.0
1562,73.18,26.033333333333335,1552621726.0
1563,73.23,26.05,1552621727.0
1564,73.28,26.066666666666666,1552621728.0
1565,73.32,26.083333333333332,1552621729.0
1566,73.35,26.1,1552621730.0
1567,73.38,26.116666666666667,1552621731.0
1568,73.4,26.133333333333333,1552621732.0
1569,73.42,26.15,1552621733.0
1570,73.43,26.166666666666668,1552621734.0
1571,73.45,26.183333333333334,1552621735.0
1572,73.45,26.2,1552621736.0
1573,73.42,26.216666666666665,1552621737.0
1574,73.4,26.233333333333334,1552621738.0
1575,73.37,26.25,1552621739.0
1576,73.33,26.266666666666666,1552621740.0
1577,73.32,26.283333333333335,1552621741.0
1578,73.3,26.3,1552621742.0
1579,73.27,26.316666666666666,1552621743.0
1580,73.23,26.333333333333332,1552621744.0
1581,73.22,26.35,1552621745.0
1582,73.2,26.366666666666667,1552621746.0
1583,73.18,26.383333333333333,1552621747.0
1584,73.17,26.4,1552621748.0
1585,73.13,26.416666666666668,1552621749.0
1586,73.12,26.433333333333334,1552621750.0
1587,73.1,26.45,1552621751.0
1588,73.08,26.466666666666665,1552621752.0
1589,73.05,26.483333333333334,1552621753.0
1590,73.05,26.5,1552621754.0
1591,73.07,26.516666666666666,1552621755.0
1592,73.08,26.533333333333335,1552621756.0
1593,73.08,26.55,1552621757.0
1594,73.12,26.566666666666666,1552621758.0
1595,73.15,26.583333333333332,1552621759.0
1596,73.17,26.6,1552621760.0
1597,73.18,26.616666666666667,1552621761.0
1598,73.18,26.633333333333333,1552621762.0
1599,73.22,26.65,1552621763.0
1600,73.27,26.666666666666668,1552621764.0
1601,73.37,26.683333333333334,1552621765.0
1602,73.48,26.7,1552621766.0
1603,73.6,26.716666666666665,1552621767.0
1604,73.72,26.733333333333334,1552621768.0
1605,73.88,26.75,1552621769.0
1606,74.07,26.766666666666666,1552621770.0
1607,74.25,26.783333333333335,1552621771.0
1608,74.48,26.8,1552621772.0
1609,74.67,26.816666666666666,1552621773.0
1610,74.55,26.833333333333332,1552621774.0
1611,74.43,26.85,1552621775.0
1612,74.27,26.866666666666667,1552621776.0
1613,74.13,26.883333333333333,1552621777.0
1614,74.0,26.9,1552621778.0
1615,73.88,26.916666666666668,1552621779.0
1616,73.77,26.933333333333334,1552621780.0
1617,73.68,26.95,1552621781.0
1618,73.62,26.966666666666665,1552621782.0
1619,73.55,26.983333333333334,1552621783.0
1620,73.53,27.0,1552621784.0
1621,73.53,27.016666666666666,1552621785.0
1622,73.53,27.033333333333335,1552621786.0
1623,73.55,27.05,1552621787.0
1624,73.57,27.066666666666666,1552621788.0
1625,73.62,27.083333333333332,1552621789.0
1626,73.67,27.1,1552621790.0
1627,73.7,27.116666666666667,1552621791.0
1628,73.73,27.133333333333333,1552621792.0
1629,73.77,27.15,1552621793.0
1630,73.8,27.166666666666668,1552621794.0
1631,73.83,27.183333333333334,1552621795.0
1632,73.88,27.2,1552621796.0
1633,73.95,27.216666666666665,1552621797.0
1634,74.0,27.233333333333334,1552621798.0
1635,74.05,27.25,1552621799.0
1636,74.12,27.266666666666666,1552621800.0
1637,74.17,27.283333333333335,1552621801.0
1638,74.2,27.3,1552621802.0
1639,74.23,27.316666666666666,1552621803.0
1640,74.27,27.333333333333332,1552621804.0
1641,74.28,27.35,1552621805.0
1642,74.32,27.366666666666667,1552621806.0
1643,74.33,27.383333333333333,1552621807.0
1644,74.35,27.4,1552621808.0
1645,74.38,27.416666666666668,1552621809.0
1646,74.42,27.433333333333334,1552621810.0
1647,74.45,27.45,1552621811.0
1648,74.5,27.466666666666665,1552621812.0
1649,74.57,27.483333333333334,1552621813.0
1650,74.62,27.5,1552621814.0
1651,74.65,27.516666666666666,1552621815.0
1652,74.68,27.533333333333335,1552621816.0
1653,74.73,27.55,1552621817.0
1654,74.77,27.566666666666666,1552621818.0
1655,74.8,27.583333333333332,1552621819.0
1656,74.85,27.6,1552621820.0
1657,74.9,27.616666666666667,1552621821.0
1658,74.93,27.633333333333333,1552621822.0
1659,74.97,27.65,1552621823.0
1660,75.0,27.666666666666668,1552621824.0
1661,75.03,27.683333333333334,1552621825.0
1662,75.05,27.7,1552621826.0
1663,75.08,27.716666666666665,1552621827.0
1664,75.12,27.733333333333334,1552621828.0
1665,75.12,27.75,1552621829.0
1666,75.12,27.766666666666666,1552621830.0
1667,75.12,27.783333333333335,1552621831.0
1668,75.15,27.8,1552621832.0
1669,75.17,27.816666666666666,1552621833.0
1670,75.18,27.833333333333332,1552621834.0
1671,75.2,27.85,1552621835.0
1672,75.22,27.866666666666667,1552621836.0
1673,75.22,27.883333333333333,1552621837.0
1674,75.22,27.9,1552621838.0
1675,75.22,27.916666666666668,1552621839.0
1676,75.22,27.933333333333334,1552621840.0
1677,75.22,27.95,1552621841.0
1678,75.22,27.966666666666665,1552621842.0
1679,75.23,27.983333333333334,1552621843.0
1680,75.23,28.0,1552621844.0
1681,75.23,28.016666666666666,1552621845.0
1682,75.23,28.033333333333335,1552621846.0
1683,75.25,28.05,1552621847.0
1684,75.28,28.066666666666666,1552621848.0
1685,75.3,28.083333333333332,1552621849.0
1686,75.32,28.1,1552621850.0
1687,75.32,28.116666666666667,1552621851.0
1688,75.3,28.133333333333333,1552621852.0
1689,75.27,28.15,1552621853.0
1690,75.23,28.166666666666668,1552621854.0
1691,75.17,28.183333333333334,1552621855.0
1692,75.08,28.2,1552621856.0
1693,74.98,28.216666666666665,1552621857.0
1694,74.88,28.233333333333334,1552621858.0
1695,74.77,28.25,1552621859.0
1696,74.65,28.266666666666666,1552621860.0
1697,74.55,28.283333333333335,1552621861.0
1698,74.48,28.3,1552621862.0
1699,74.42,28.316666666666666,1552621863.0
1700,74.37,28.333333333333332,1552621864.0
1701,74.33,28.35,1552621865.0
1702,74.3,28.366666666666667,1552621866.0
1703,74.3,28.383333333333333,1552621867.0
1704,74.3,28.4,1552621868.0
1705,74.3,28.416666666666668,1552621869.0
1706,74.32,28.433333333333334,1552621870.0
1707,74.33,28.45,1552621871.0
1708,74.33,28.466666666666665,1552621872.0
1709,74.33,28.483333333333334,1552621873.0
1710,74.33,28.5,1552621874.0
1711,74.33,28.516666666666666,1552621875.0
1712,74.33,28.533333333333335,1552621876.0
1713,74.33,28.55,1552621877.0
1714,74.35,28.566666666666666,1552621878.0
1715,74.35,28.583333333333332,1552621879.0
1716,74.37,28.6,1552621880.0
1717,74.38,28.616666666666667,1552621881.0
1718,74.42,28.633333333333333,1552621882.0
1719,74.43,28.65,1552621883.0
1720,74.47,28.666666666666668,1552621884.0
1721,74.5,28.683333333333334,1552621885.0
1722,74.53,28.7,1552621886.0
1723,74.55,28.716666666666665,1552621887.0
1724,74.57,28.733333333333334,1552621888.0
1725,74.6,28.75,1552621889.0
1726,74.63,28.766666666666666,1552621890.0
1727,74.65,28.783333333333335,1552621891.0
1728,74.65,28.8,1552621892.0
1729,74.67,28.816666666666666,1552621893.0
1730,74.67,28.833333333333332,1552621894.0
1731,74.67,28.85,1552621895.0
1732,74.68,28.866666666666667,1552621896.0
1733,74.7,28.883333333333333,1552621897.0
1734,74.72,28.9,1552621898.0
1735,74.73,28.916666666666668,1552621899.0
1736,74.75,28.933333333333334,1552621900.0
1737,74.77,28.95,1552621901.0
1738,74.78,28.966666666666665,1552621902.0
1739,74.8,28.983333333333334,1552621903.0
1740,74.82,29.0,1552621904.0
1741,74.83,29.016666666666666,1552621905.0
1742,74.85,29.033333333333335,1552621906.0
1743,74.87,29.05,1552621907.0
1744,74.87,29.066666666666666,1552621908.0
1745,74.85,29.083333333333332,1552621909.0
1746,74.83,29.1,1552621910.0
1747,74.85,29.116666666666667,1552621911.0
1748,74.88,29.133333333333333,1552621912.0
1749,74.93,29.15,1552621913.0
1750,74.97,29.166666666666668,1552621914.0
1751,75.03,29.183333333333334,1552621915.0
1752,75.12,29.2,1552621916.0
1753,75.22,29.216666666666665,1552621917.0
1754,75.32,29.233333333333334,1552621918.0
1755,75.45,29.25,1552621919.0
1756,75.57,29.266666666666666,1552621920.0
1757,75.65,29.283333333333335,1552621921.0
1758,75.72,29.3,1552621922.0
1759,75.78,29.316666666666666,1552621923.0
1760,75.83,29.333333333333332,1552621924.0
1761,75.87,29.35,1552621925.0
1762,75.88,29.366666666666667,1552621926.0
1763,75.87,29.383333333333333,1552621927.0
1764,75.85,29.4,1552621928.0
1765,75.83,29.416666666666668,1552621929.0
1766,75.8,29.433333333333334,1552621930.0
1767,75.77,29.45,1552621931.0
1768,75.73,29.466666666666665,1552621932.0
1769,75.68,29.483333333333334,1552621933.0
1770,75.63,29.5,1552621934.0
1771,75.58,29.516666666666666,1552621935.0
1772,75.52,29.533333333333335,1552621936.0
1773,75.47,29.55,1552621937.0
1774,75.42,29.566666666666666,1552621938.0
1775,75.38,29.583333333333332,1552621939.0
1776,75.35,29.6,1552621940.0
1777,75.32,29.616666666666667,1552621941.0
1778,75.28,29.633333333333333,1552621942.0
1779,75.25,29.65,1552621943.0
1780,75.2,29.666666666666668,1552621944.0
1781,75.13,29.683333333333334,1552621945.0
1782,75.07,29.7,1552621946.0
1783,75.0,29.716666666666665,1552621947.0
1784,74.92,29.733333333333334,1552621948.0
1785,74.83,29.75,1552621949.0
1786,74.73,29.766666666666666,1552621950.0
1787,74.65,29.783333333333335,1552621951.0
1788,74.57,29.8,1552621952.0
1789,74.48,29.816666666666666,1552621953.0
1790,74.4,29.833333333333332,1552621954.0
1791,74.33,29.85,1552621955.0
1792,74.27,29.866666666666667,1552621956.0
1793,74.2,29.883333333333333,1552621957.0
1794,74.13,29.9,1552621958.0
1795,74.07,29.916666666666668,1552621959.0
1796,74.0,29.933333333333334,1552621960.0
1797,73.93,29.95,1552621961.0
1798,73.85,29.966666666666665,1552621962.0
1799,73.75,29.983333333333334,1552621963.0
1800,73.65,30.0,1552621964.0
1801,73.55,30.016666666666666,1552621965.0
1802,73.45,30.033333333333335,1552621966.0
1803,73.35,30.05,1552621967.0
1804,73.25,30.066666666666666,1552621968.0
1805,73.18,30.083333333333332,1552621969.0
1806,73.12,30.1,1552621970.0
1807,73.07,30.116666666666667,1552621971.0
1808,73.03,30.133333333333333,1552621972.0
1809,73.0,30.15,1552621973.0
1810,73.0,30.166666666666668,1552621974.0
1811,73.0,30.183333333333334,1552621975.0
1812,73.02,30.2,1552621976.0
1813,73.02,30.216666666666665,1552621977.0
1814,73.02,30.233333333333334,1552621978.0
1815,73.0,30.25,1552621979.0
1816,72.97,30.266666666666666,1552621980.0
1817,72.95,30.283333333333335,1552621981.0
1818,72.93,30.3,1552621982.0
1819,72.92,30.316666666666666,1552621983.0
1820,72.88,30.333333333333332,1552621984.0
1821,72.87,30.35,1552621985.0
1822,72.85,30.366666666666667,1552621986.0
1823,72.85,30.383333333333333,1552621987.0
1824,72.87,30.4,1552621988.0
1825,72.88,30.416666666666668,1552621989.0
1826,72.9,30.433333333333334,1552621990.0
1827,72.9,30.45,1552621991.0
1828,72.92,30.466666666666665,1552621992.0
1829,72.93,30.483333333333334,1552621993.0
1830,72.95,30.5,1552621994.0
1831,72.97,30.516666666666666,1552621995.0
1832,73.0,30.533333333333335,1552621996.0
1833,73.02,30.55,1552621997.0
1834,73.02,30.566666666666666,1552621998.0
1835,73.02,30.583333333333332,1552621999.0
1836,72.98,30.6,1552622000.0
1837,72.95,30.616666666666667,1552622001.0
1838,72.92,30.633333333333333,1552622002.0
1839,72.88,30.65,1552622003.0
1840,72.85,30.666666666666668,1552622004.0
1841,72.85,30.683333333333334,1552622005.0
1842,72.85,30.7,1552622006.0
1843,72.87,30.716666666666665,1552622007.0
1844,72.9,30.733333333333334,1552622008.0
1845,72.93,30.75,1552622009.0
1846,72.98,30.766666666666666,1552622010.0
1847,73.03,30.783333333333335,1552622011.0
1848,73.1,30.8,1552622012.0
1849,73.17,30.816666666666666,1552622013.0
1850,73.25,30.833333333333332,1552622014.0
1851,73.3,30.85,1552622015.0
1852,73.35,30.866666666666667,1552622016.0
1853,73.4,30.883333333333333,1552622017.0
1854,73.45,30.9,1552622018.0
1855,73.5,30.916666666666668,1552622019.0
1856,73.55,30.933333333333334,1552622020.0
1857,73.6,30.95,1552622021.0
1858,73.67,30.966666666666665,1552622022.0
1859,73.73,30.983333333333334,1552622023.0
1860,73.8,31.0,1552622024.0
1861,73.87,31.016666666666666,1552622025.0
1862,73.93,31.033333333333335,1552622026.0
1863,73.97,31.05,1552622027.0
1864,74.0,31.066666666666666,1552622028.0
1865,74.0,31.083333333333332,1552622029.0
1866,74.0,31.1,1552622030.0
1867,73.98,31.116666666666667,1552622031.0
1868,73.95,31.133333333333333,1552622032.0
1869,73.92,31.15,1552622033.0
1870,73.87,31.166666666666668,1552622034.0
1871,73.82,31.183333333333334,1552622035.0
1872,73.75,31.2,1552622036.0
1873,73.72,31.216666666666665,1552622037.0
1874,73.68,31.233333333333334,1552622038.0
1875,73.65,31.25,1552622039.0
1876,73.63,31.266666666666666,1552622040.0
1877,73.63,31.283333333333335,1552622041.0
1878,73.62,31.3,1552622042.0
1879,73.62,31.316666666666666,1552622043.0
1880,73.63,31.333333333333332,1552622044.0
1881,73.63,31.35,1552622045.0
1882,73.63,31.366666666666667,1552622046.0
1883,73.63,31.383333333333333,1552622047.0
1884,73.62,31.4,1552622048.0
1885,73.6,31.416666666666668,1552622049.0
1886,73.58,31.433333333333334,1552622050.0
1887,73.58,31.45,1552622051.0
1888,73.58,31.466666666666665,1552622052.0
1889,73.6,31.483333333333334,1552622053.0
1890,73.62,31.5,1552622054.0
1891,73.63,31.516666666666666,1552622055.0
1892,73.65,31.533333333333335,1552622056.0
1893,73.65,31.55,1552622057.0
1894,73.67,31.566666666666666,1552622058.0
1895,73.67,31.583333333333332,1552622059.0
1896,73.68,31.6,1552622060.0
1897,73.68,31.616666666666667,1552622061.0
1898,73.7,31.633333333333333,1552622062.0
1899,73.72,31.65,1552622063.0
1900,73.7,31.666666666666668,1552622064.0
1901,73.68,31.683333333333334,1552622065.0
1902,73.7,31.7,1552622066.0
1903,73.7,31.716666666666665,1552622067.0
1904,73.7,31.733333333333334,1552622068.0
1905,73.72,31.75,1552622069.0
1906,73.73,31.766666666666666,1552622070.0
1907,73.75,31.783333333333335,1552622071.0
1908,73.75,31.8,1552622072.0
1909,73.73,31.816666666666666,1552622073.0
1910,73.72,31.833333333333332,1552622074.0
1911,73.72,31.85,1552622075.0
1912,73.72,31.866666666666667,1552622076.0
1913,73.75,31.883333333333333,1552622077.0
1914,73.78,31.9,1552622078.0
1915,73.8,31.916666666666668,1552622079.0
1916,73.82,31.933333333333334,1552622080.0
1917,73.83,31.95,1552622081.0
1918,73.85,31.966666666666665,1552622082.0
1919,73.83,31.983333333333334,1552622083.0
1920,73.82,32.0,1552622084.0
1921,73.8,32.016666666666666,1552622085.0
1922,73.77,32.03333333333333,1552622086.0
1923,73.73,32.05,1552622087.0
1924,73.7,32.06666666666667,1552622088.0
1925,73.67,32.083333333333336,1552622089.0
1926,73.63,32.1,1552622090.0
1927,73.62,32.11666666666667,1552622091.0
1928,73.6,32.13333333333333,1552622092.0
1929,73.6,32.15,1552622093.0
1930,73.6,32.166666666666664,1552622094.0
1931,73.6,32.18333333333333,1552622095.0
1932,73.6,32.2,1552622096.0
1933,73.58,32.21666666666667,1552622097.0
1934,73.58,32.233333333333334,1552622098.0
1935,73.58,32.25,1552622099.0
1936,73.58,32.266666666666666,1552622100.0
1937,73.58,32.28333333333333,1552622101.0
1938,73.6,32.3,1552622102.0
1939,73.62,32.31666666666667,1552622103.0
1940,73.63,32.333333333333336,1552622104.0
1941,73.65,32.35,1552622105.0
1942,73.67,32.36666666666667,1552622106.0
1943,73.68,32.38333333333333,1552622107.0
1944,73.7,32.4,1552622108.0
1945,73.73,32.416666666666664,1552622109.0
1946,73.77,32.43333333333333,1552622110.0
1947,73.8,32.45,1552622111.0
1948,73.82,32.46666666666667,1552622112.0
1949,73.83,32.483333333333334,1552622113.0
1950,73.85,32.5,1552622114.0
1951,73.87,32.516666666666666,1552622115.0
1952,73.87,32.53333333333333,1552622116.0
1953,73.88,32.55,1552622117.0
1954,73.88,32.56666666666667,1552622118.0
1955,73.88,32.583333333333336,1552622119.0
1956,73.88,32.6,1552622120.0
1957,73.92,32.61666666666667,1552622121.0
1958,73.92,32.63333333333333,1552622122.0
1959,73.92,32.65,1552622123.0
1960,73.95,32.666666666666664,1552622124.0
1961,73.97,32.68333333333333,1552622125.0
1962,73.97,32.7,1552622126.0
1963,73.97,32.71666666666667,1552622127.0
1964,73.97,32.733333333333334,1552622128.0
1965,73.95,32.75,1552622129.0
1966,73.93,32.766666666666666,1552622130.0
1967,73.9,32.78333333333333,1552622131.0
1968,73.87,32.8,1552622132.0
1969,73.85,32.81666666666667,1552622133.0
1970,73.85,32.833333333333336,1552622134.0
1971,73.85,32.85,1552622135.0
1972,73.85,32.86666666666667,1552622136.0
1973,73.82,32.88333333333333,1552622137.0
1974,73.78,32.9,1552622138.0
1975,73.77,32.916666666666664,1552622139.0
1976,73.75,32.93333333333333,1552622140.0
1977,73.73,32.95,1552622141.0
1978,73.72,32.96666666666667,1552622142.0
1979,73.73,32.983333333333334,1552622143.0
1980,73.75,33.0,1552622144.0
1981,73.77,33.016666666666666,1552622145.0
1982,73.8,33.03333333333333,1552622146.0
1983,73.85,33.05,1552622147.0
1984,73.88,33.06666666666667,1552622148.0
1985,73.93,33.083333333333336,1552622149.0
1986,73.98,33.1,1552622150.0
1987,74.0,33.11666666666667,1552622151.0
1988,74.02,33.13333333333333,1552622152.0
1989,74.03,33.15,1552622153.0
1990,74.05,33.166666666666664,1552622154.0
1991,74.07,33.18333333333333,1552622155.0
1992,74.08,33.2,1552622156.0
1993,74.12,33.21666666666667,1552622157.0
1994,74.15,33.233333333333334,1552622158.0
1995,74.18,33.25,1552622159.0
1996,74.22,33.266666666666666,1552622160.0
1997,74.23,33.28333333333333,1552622161.0
1998,74.27,33.3,1552622162.0
1999,74.28,33.31666666666667,1552622163.0
2000,74.28,33.333333333333336,1552622164.0
2001,74.28,33.35,1552622165.0
2002,74.28,33.36666666666667,1552622166.0
2003,74.27,33.38333333333333,1552622167.0
2004,74.25,33.4,1552622168.0
2005,74.22,33.416666666666664,1552622169.0
2006,74.18,33.43333333333333,1552622170.0
2007,74.15,33.45,1552622171.0
2008,74.1,33.46666666666667,1552622172.0
2009,74.07,33.483333333333334,1552622173.0
2010,74.03,33.5,1552622174.0
2011,74.0,33.516666666666666,1552622175.0
2012,73.98,33.53333333333333,1552622176.0
2013,73.98,33.55,1552622177.0
2014,73.98,33.56666666666667,1552622178.0
2015,74.0,33.583333333333336,1552622179.0
2016,74.02,33.6,1552622180.0
2017,74.02,33.61666666666667,1552622181.0
2018,74.02,33.63333333333333,1552622182.0
2019,74.02,33.65,1552622183.0
2020,74.02,33.666666666666664,1552622184.0
2021,74.02,33.68333333333333,1552622185.0
2022,74.02,33.7,1552622186.0
2023,74.02,33.71666666666667,1552622187.0
2024,74.02,33.733333333333334,1552622188.0
2025,74.02,33.75,1552622189.0
2026,74.03,33.766666666666666,1552622190.0
2027,74.07,33.78333333333333,1552622191.0
2028,74.1,33.8,1552622192.0
2029,74.13,33.81666666666667,1552622193.0
2030,74.15,33.833333333333336,1552622194.0
2031,74.17,33.85,1552622195.0
2032,74.18,33.86666666666667,1552622196.0
2033,74.2,33.88333333333333,1552622197.0
2034,74.22,33.9,1552622198.0
2035,74.23,33.916666666666664,1552622199.0
2036,74.25,33.93333333333333,1552622200.0
2037,74.27,33.95,1552622201.0
2038,74.28,33.96666666666667,1552622202.0
2039,74.3,33.983333333333334,1552622203.0
2040,74.32,34.0,1552622204.0
2041,74.35,34.016666666666666,1552622205.0
2042,74.4,34.03333333333333,1552622206.0
2043,74.47,34.05,1552622207.0
2044,74.58,34.06666666666667,1552622208.0
2045,74.72,34.083333333333336,1552622209.0
2046,74.87,34.1,1552622210.0
2047,75.02,34.11666666666667,1552622211.0
2048,75.15,34.13333333333333,1552622212.0
2049,75.27,34.15,1552622213.0
2050,75.38,34.166666666666664,1552622214.0
2051,75.48,34.18333333333333,1552622215.0
2052,75.58,34.2,1552622216.0
2053,75.67,34.21666666666667,1552622217.0
2054,75.73,34.233333333333334,1552622218.0
2055,75.82,34.25,1552622219.0
2056,75.9,34.266666666666666,1552622220.0
2057,76.0,34.28333333333333,1552622221.0
2058,76.07,34.3,1552622222.0
2059,76.13,34.31666666666667,1552622223.0
2060,76.22,34.333333333333336,1552622224.0
2061,76.3,34.35,1552622225.0
2062,76.35,34.36666666666667,1552622226.0
2063,76.42,34.38333333333333,1552622227.0
2064,76.47,34.4,1552622228.0
2065,76.52,34.416666666666664,1552622229.0
2066,76.53,34.43333333333333,1552622230.0
2067,76.55,34.45,1552622231.0
2068,76.58,34.46666666666667,1552622232.0
2069,76.62,34.483333333333334,1552622233.0
2070,76.63,34.5,1552622234.0
2071,76.65,34.516666666666666,1552622235.0
2072,76.67,34.53333333333333,1552622236.0
2073,76.67,34.55,1552622237.0
2074,76.67,34.56666666666667,1552622238.0
2075,76.67,34.583333333333336,1552622239.0
2076,76.67,34.6,1552622240.0
2077,76.67,34.61666666666667,1552622241.0
2078,76.68,34.63333333333333,1552622242.0
2079,76.7,34.65,1552622243.0
2080,76.7,34.666666666666664,1552622244.0
2081,76.68,34.68333333333333,1552622245.0
2082,76.65,34.7,1552622246.0
2083,76.6,34.71666666666667,1552622247.0
2084,76.55,34.733333333333334,1552622248.0
2085,76.48,34.75,1552622249.0
2086,76.4,34.766666666666666,1552622250.0
2087,76.32,34.78333333333333,1552622251.0
2088,76.22,34.8,1552622252.0
2089,76.12,34.81666666666667,1552622253.0
2090,76.02,34.833333333333336,1552622254.0
2091,75.92,34.85,1552622255.0
2092,75.83,34.86666666666667,1552622256.0
2093,75.75,34.88333333333333,1552622257.0
2094,75.67,34.9,1552622258.0
2095,75.58,34.916666666666664,1552622259.0
2096,75.52,34.93333333333333,1552622260.0
2097,75.45,34.95,1552622261.0
2098,75.38,34.96666666666667,1552622262.0
2099,75.32,34.983333333333334,1552622263.0
2100,75.27,35.0,1552622264.0
2101,75.2,35.016666666666666,1552622265.0
2102,75.12,35.03333333333333,1552622266.0
2103,75.02,35.05,1552622267.0
2104,74.88,35.06666666666667,1552622268.0
2105,74.73,35.083333333333336,1552622269.0
2106,74.57,35.1,1552622270.0
2107,74.43,35.11666666666667,1552622271.0
2108,74.32,35.13333333333333,1552622272.0
2109,74.2,35.15,1552622273.0
2110,74.08,35.166666666666664,1552622274.0
2111,73.98,35.18333333333333,1552622275.0
2112,73.88,35.2,1552622276.0
2113,73.78,35.21666666666667,1552622277.0
2114,73.68,35.233333333333334,1552622278.0
2115,73.57,35.25,1552622279.0
2116,73.45,35.266666666666666,1552622280.0
2117,73.33,35.28333333333333,1552622281.0
2118,73.23,35.3,1552622282.0
2119,73.13,35.31666666666667,1552622283.0
2120,73.03,35.333333333333336,1552622284.0
2121,72.93,35.35,1552622285.0
2122,72.87,35.36666666666667,1552622286.0
2123,72.82,35.38333333333333,1552622287.0
2124,72.77,35.4,1552622288.0
2125,72.73,35.416666666666664,1552622289.0
2126,72.73,35.43333333333333,1552622290.0
2127,72.73,35.45,1552622291.0
2128,72.73,35.46666666666667,1552622292.0
2129,72.72,35.483333333333334,1552622293.0
2130,72.72,35.5,1552622294.0
2131,72.72,35.516666666666666,1552622295.0
2132,72.72,35.53333333333333,1552622296.0
2133,72.72,35.55,1552622297.0
2134,72.72,35.56666666666667,1552622298.0
2135,72.7,35.583333333333336,1552622299.0
2136,72.67,35.6,1552622300.0
2137,72.63,35.61666666666667,1552622301.0
2138,72.58,35.63333333333333,1552622302.0
2139,72.53,35.65,1552622303.0
2140,72.52,35.666666666666664,1552622304.0
2141,72.5,35.68333333333333,1552622305.0
2142,72.5,35.7,1552622306.0
2143,72.5,35.71666666666667,1552622307.0
2144,72.48,35.733333333333334,1552622308.0
2145,72.5,35.75,1552622309.0
2146,72.52,35.766666666666666,1552622310.0
2147,72.53,35.78333333333333,1552622311.0
2148,72.58,35.8,1552622312.0
2149,72.65,35.81666666666667,1552622313.0
2150,72.72,35.833333333333336,1552622314.0
2151,72.8,35.85,1552622315.0
2152,72.88,35.86666666666667,1552622316.0
2153,72.97,35.88333333333333,1552622317.0
2154,73.03,35.9,1552622318.0
2155,73.12,35.916666666666664,1552622319.0
2156,73.15,35.93333333333333,1552622320.0
2157,73.15,35.95,1552622321.0
2158,73.17,35.96666666666667,1552622322.0
2159,73.2,35.983333333333334,1552622323.0
2160,73.22,36.0,1552622324.0
2161,73.2,36.016666666666666,1552622325.0
2162,73.35,36.03333333333333,1552622326.0
2163,73.55,36.05,1552622327.0
2164,73.75,36.06666666666667,1552622328.0
2165,73.97,36.083333333333336,1552622329.0
2166,74.22,36.1,1552622330.0
2167,74.47,36.11666666666667,1552622331.0
2168,74.73,36.13333333333333,1552622332.0
2169,75.02,36.15,1552622333.0
2170,75.3,36.166666666666664,1552622334.0
2171,75.58,36.18333333333333,1552622335.0
2172,75.87,36.2,1552622336.0
2173,76.12,36.21666666666667,1552622337.0
2174,76.4,36.233333333333334,1552622338.0
2175,76.68,36.25,1552622339.0
2176,76.97,36.266666666666666,1552622340.0
2177,77.2,36.28333333333333,1552622341.0
2178,77.42,36.3,1552622342.0
2179,77.65,36.31666666666667,1552622343.0
2180,77.83,36.333333333333336,1552622344.0
2181,78.07,36.35,1552622345.0
2182,78.25,36.36666666666667,1552622346.0
2183,78.42,36.38333333333333,1552622347.0
2184,78.62,36.4,1552622348.0
2185,78.78,36.416666666666664,1552622349.0
2186,78.95,36.43333333333333,1552622350.0
2187,79.22,36.45,1552622351.0
2188,79.48,36.46666666666667,1552622352.0
2189,79.73,36.483333333333334,1552622353.0
2190,79.97,36.5,1552622354.0
2191,80.2,36.516666666666666,1552622355.0
2192,80.43,36.53333333333333,1552622356.0
2193,80.52,36.55,1552622357.0
2194,80.6,36.56666666666667,1552622358.0
2195,80.68,36.583333333333336,1552622359.0
2196,80.77,36.6,1552622360.0
2197,80.83,36.61666666666667,1552622361.0
2198,80.92,36.63333333333333,1552622362.0
2199,80.98,36.65,1552622363.0
2200,81.03,36.666666666666664,1552622364.0
2201,81.08,36.68333333333333,1552622365.0
2202,81.13,36.7,1552622366.0
2203,81.22,36.71666666666667,1552622367.0
2204,81.32,36.733333333333334,1552622368.0
2205,81.4,36.75,1552622369.0
2206,81.48,36.766666666666666,1552622370.0
2207,81.58,36.78333333333333,1552622371.0
2208,81.67,36.8,1552622372.0
2209,81.73,36.81666666666667,1552622373.0
2210,81.8,36.833333333333336,1552622374.0
2211,81.85,36.85,1552622375.0
2212,81.88,36.86666666666667,1552622376.0
2213,81.92,36.88333333333333,1552622377.0
2214,81.97,36.9,1552622378.0
2215,82.0,36.916666666666664,1552622379.0
2216,82.05,36.93333333333333,1552622380.0
2217,82.13,36.95,1552622381.0
2218,82.2,36.96666666666667,1552622382.0
2219,82.23,36.983333333333334,1552622383.0
2220,82.27,37.0,1552622384.0
2221,82.32,37.016666666666666,1552622385.0
2222,82.2,37.03333333333333,1552622386.0
2223,82.02,37.05,1552622387.0
2224,81.82,37.06666666666667,1552622388.0
2225,81.6,37.083333333333336,1552622389.0
2226,81.33,37.1,1552622390.0
2227,81.07,37.11666666666667,1552622391.0
2228,80.78,37.13333333333333,1552622392.0
2229,80.48,37.15,1552622393.0
2230,80.2,37.166666666666664,1552622394.0
2231,79.92,37.18333333333333,1552622395.0
2232,79.63,37.2,1552622396.0
2233,79.38,37.21666666666667,1552622397.0
2234,79.08,37.233333333333334,1552622398.0
2235,78.77,37.25,1552622399.0
2236,78.38,37.266666666666666,1552622400.0
2237,78.05,37.28333333333333,1552622401.0
2238,77.72,37.3,1552622402.0
2239,77.35,37.31666666666667,1552622403.0
2240,77.0,37.333333333333336,1552622404.0
2241,76.58,37.35,1552622405.0
2242,76.23,37.36666666666667,1552622406.0
2243,75.88,37.38333333333333,1552622407.0
2244,75.52,37.4,1552622408.0
2245,75.18,37.416666666666664,1552622409.0
2246,74.87,37.43333333333333,1552622410.0
2247,74.47,37.45,1552622411.0
2248,74.08,37.46666666666667,1552622412.0
2249,73.73,37.483333333333334,1552622413.0
2250,73.4,37.5,1552622414.0
2251,73.08,37.516666666666666,1552622415.0
2252,72.78,37.53333333333333,1552622416.0
2253,72.63,37.55,1552622417.0
2254,72.47,37.56666666666667,1552622418.0
2255,72.32,37.583333333333336,1552622419.0
2256,72.13,37.6,1552622420.0
2257,71.95,37.61666666666667,1552622421.0
2258,71.77,37.63333333333333,1552622422.0
2259,71.6,37.65,1552622423.0
2260,71.43,37.666666666666664,1552622424.0
2261,71.3,37.68333333333333,1552622425.0
2262,71.17,37.7,1552622426.0
2263,71.02,37.71666666666667,1552622427.0
2264,70.85,37.733333333333334,1552622428.0
2265,70.7,37.75,1552622429.0
2266,70.55,37.766666666666666,1552622430.0
2267,70.38,37.78333333333333,1552622431.0
2268,70.23,37.8,1552622432.0
2269,70.08,37.81666666666667,1552622433.0
2270,69.93,37.833333333333336,1552622434.0
2271,69.78,37.85,1552622435.0
2272,69.65,37.86666666666667,1552622436.0
2273,69.53,37.88333333333333,1552622437.0
2274,69.4,37.9,1552622438.0
2275,69.27,37.916666666666664,1552622439.0
2276,69.13,37.93333333333333,1552622440.0
2277,69.0,37.95,1552622441.0
2278,68.88,37.96666666666667,1552622442.0
2279,68.78,37.983333333333334,1552622443.0
2280,68.67,38.0,1552622444.0
2281,68.57,38.016666666666666,1552622445.0
2282,68.5,38.03333333333333,1552622446.0
2283,68.47,38.05,1552622447.0
2284,68.48,38.06666666666667,1552622448.0
2285,68.52,38.083333333333336,1552622449.0
2286,68.57,38.1,1552622450.0
2287,68.62,38.11666666666667,1552622451.0
2288,68.68,38.13333333333333,1552622452.0
2289,68.75,38.15,1552622453.0
2290,68.8,38.166666666666664,1552622454.0
2291,68.83,38.18333333333333,1552622455.0
2292,68.87,38.2,1552622456.0
2293,68.9,38.21666666666667,1552622457.0
2294,68.95,38.233333333333334,1552622458.0
2295,69.0,38.25,1552622459.0
2296,69.1,38.266666666666666,1552622460.0
2297,69.17,38.28333333333333,1552622461.0
2298,69.23,38.3,1552622462.0
2299,69.3,38.31666666666667,1552622463.0
2300,69.4,38.333333333333336,1552622464.0
2301,69.52,38.35,1552622465.0
2302,69.63,38.36666666666667,1552622466.0
2303,69.77,38.38333333333333,1552622467.0
2304,69.9,38.4,1552622468.0
2305,70.05,38.416666666666664,1552622469.0
2306,70.18,38.43333333333333,1552622470.0
2307,70.32,38.45,1552622471.0
2308,70.43,38.46666666666667,1552622472.0
2309,70.53,38.483333333333334,1552622473.0
2310,70.6,38.5,1552622474.0
2311,70.63,38.516666666666666,1552622475.0
2312,70.62,38.53333333333333,1552622476.0
2313,70.6,38.55,1552622477.0
2314,70.58,38.56666666666667,1552622478.0
2315,70.53,38.583333333333336,1552622479.0
2316,70.53,38.6,1552622480.0
2317,70.52,38.61666666666667,1552622481.0
2318,70.48,38.63333333333333,1552622482.0
2319,70.45,38.65,1552622483.0
2320,70.42,38.666666666666664,1552622484.0
2321,70.38,38.68333333333333,1552622485.0
2322,70.37,38.7,1552622486.0
2323,70.37,38.71666666666667,1552622487.0
2324,70.43,38.733333333333334,1552622488.0
2325,70.52,38.75,1552622489.0
2326,70.6,38.766666666666666,1552622490.0
2327,70.68,38.78333333333333,1552622491.0
2328,70.75,38.8,1552622492.0
2329,70.83,38.81666666666667,1552622493.0
2330,70.92,38.833333333333336,1552622494.0
2331,71.02,38.85,1552622495.0
2332,71.1,38.86666666666667,1552622496.0
2333,71.18,38.88333333333333,1552622497.0
2334,71.28,38.9,1552622498.0
2335,71.38,38.916666666666664,1552622499.0
2336,71.48,38.93333333333333,1552622500.0
2337,71.58,38.95,1552622501.0
2338,71.65,38.96666666666667,1552622502.0
2339,71.72,38.983333333333334,1552622503.0
2340,71.8,39.0,1552622504.0
2341,71.9,39.016666666666666,1552622505.0
2342,71.97,39.03333333333333,1552622506.0
2343,72.02,39.05,1552622507.0
2344,72.03,39.06666666666667,1552622508.0
2345,72.03,39.083333333333336,1552622509.0
2346,72.03,39.1,1552622510.0
2347,72.0,39.11666666666667,1552622511.0
2348,71.93,39.13333333333333,1552622512.0
2349,71.87,39.15,1552622513.0
2350,71.8,39.166666666666664,1552622514.0
2351,71.75,39.18333333333333,1552622515.0
2352,71.7,39.2,1552622516.0
2353,71.65,39.21666666666667,1552622517.0
2354,71.6,39.233333333333334,1552622518.0
2355,71.55,39.25,1552622519.0
2356,71.52,39.266666666666666,1552622520.0
2357,71.48,39.28333333333333,1552622521.0
2358,71.47,39.3,1552622522.0
2359,71.45,39.31666666666667,1552622523.0
2360,71.43,39.333333333333336,1552622524.0
2361,71.43,39.35,1552622525.0
2362,71.43,39.36666666666667,1552622526.0
2363,71.42,39.38333333333333,1552622527.0
2364,71.42,39.4,1552622528.0
2365,71.38,39.416666666666664,1552622529.0
2366,71.37,39.43333333333333,1552622530.0
2367,71.33,39.45,1552622531.0
2368,71.3,39.46666666666667,1552622532.0
2369,71.27,39.483333333333334,1552622533.0
2370,71.25,39.5,1552622534.0
2371,71.23,39.516666666666666,1552622535.0
2372,71.25,39.53333333333333,1552622536.0
2373,71.25,39.55,1552622537.0
2374,71.23,39.56666666666667,1552622538.0
2375,71.23,39.583333333333336,1552622539.0
2376,71.22,39.6,1552622540.0
2377,71.23,39.61666666666667,1552622541.0
2378,71.25,39.63333333333333,1552622542.0
2379,71.28,39.65,1552622543.0
2380,71.32,39.666666666666664,1552622544.0
2381,71.35,39.68333333333333,1552622545.0
2382,71.38,39.7,1552622546.0
2383,71.42,39.71666666666667,1552622547.0
2384,71.42,39.733333333333334,1552622548.0
2385,71.38,39.75,1552622549.0
2386,71.37,39.766666666666666,1552622550.0
2387,71.35,39.78333333333333,1552622551.0
2388,71.32,39.8,1552622552.0
2389,71.27,39.81666666666667,1552622553.0
2390,71.2,39.833333333333336,1552622554.0
2391,71.13,39.85,1552622555.0
2392,71.07,39.86666666666667,1552622556.0
2393,70.98,39.88333333333333,1552622557.0
2394,70.9,39.9,1552622558.0
2395,70.82,39.916666666666664,1552622559.0
2396,70.77,39.93333333333333,1552622560.0
2397,70.7,39.95,1552622561.0
2398,70.65,39.96666666666667,1552622562.0
2399,70.6,39.983333333333334,1552622563.0
2400,70.53,40.0,1552622564.0
2401,70.45,40.016666666666666,1552622565.0
2402,70.37,40.03333333333333,1552622566.0
2403,70.28,40.05,1552622567.0
2404,70.22,40.06666666666667,1552622568.0
2405,70.15,40.083333333333336,1552622569.0
2406,70.1,40.1,1552622570.0
2407,70.07,40.11666666666667,1552622571.0
2408,70.05,40.13333333333333,1552622572.0
2409,70.07,40.15,1552622573.0
2410,70.08,40.166666666666664,1552622574.0
2411,70.12,40.18333333333333,1552622575.0
2412,70.15,40.2,1552622576.0
2413,70.18,40.21666666666667,1552622577.0
2414,70.23,40.233333333333334,1552622578.0
2415,70.3,40.25,1552622579.0
2416,70.35,40.266666666666666,1552622580.0
2417,70.4,40.28333333333333,1552622581.0
2418,70.43,40.3,1552622582.0
2419,70.47,40.31666666666667,1552622583.0
2420,70.52,40.333333333333336,1552622584.0
2421,70.55,40.35,1552622585.0
2422,70.57,40.36666666666667,1552622586.0
2423,70.57,40.38333333333333,1552622587.0
2424,70.55,40.4,1552622588.0
2425,70.53,40.416666666666664,1552622589.0
2426,70.52,40.43333333333333,1552622590.0
2427,70.48,40.45,1552622591.0
2428,70.47,40.46666666666667,1552622592.0
2429,70.43,40.483333333333334,1552622593.0
2430,70.42,40.5,1552622594.0
2431,70.43,40.516666666666666,1552622595.0
2432,70.45,40.53333333333333,1552622596.0
2433,70.48,40.55,1552622597.0
2434,70.55,40.56666666666667,1552622598.0
2435,70.62,40.583333333333336,1552622599.0
2436,70.72,40.6,1552622600.0
2437,70.82,40.61666666666667,1552622601.0
2438,70.93,40.63333333333333,1552622602.0
2439,71.05,40.65,1552622603.0
2440,71.17,40.666666666666664,1552622604.0
2441,71.27,40.68333333333333,1552622605.0
2442,71.33,40.7,1552622606.0
2443,71.38,40.71666666666667,1552622607.0
2444,71.42,40.733333333333334,1552622608.0
2445,71.43,40.75,1552622609.0
2446,71.43,40.766666666666666,1552622610.0
2447,71.42,40.78333333333333,1552622611.0
2448,71.42,40.8,1552622612.0
2449,71.42,40.81666666666667,1552622613.0
2450,71.43,40.833333333333336,1552622614.0
2451,71.43,40.85,1552622615.0
2452,71.43,40.86666666666667,1552622616.0
2453,71.42,40.88333333333333,1552622617.0
2454,71.42,40.9,1552622618.0
2455,71.42,40.916666666666664,1552622619.0
2456,71.42,40.93333333333333,1552622620.0
2457,71.45,40.95,1552622621.0
2458,71.48,40.96666666666667,1552622622.0
2459,71.52,40.983333333333334,1552622623.0
2460,71.58,41.0,1552622624.0
2461,71.65,41.016666666666666,1552622625.0
2462,71.72,41.03333333333333,1552622626.0
2463,71.77,41.05,1552622627.0
2464,71.8,41.06666666666667,1552622628.0
2465,71.83,41.083333333333336,1552622629.0
2466,71.85,41.1,1552622630.0
2467,71.87,41.11666666666667,1552622631.0
2468,71.9,41.13333333333333,1552622632.0
2469,71.9,41.15,1552622633.0
2470,71.93,41.166666666666664,1552622634.0
2471,71.95,41.18333333333333,1552622635.0
2472,71.97,41.2,1552622636.0
2473,71.98,41.21666666666667,1552622637.0
2474,71.97,41.233333333333334,1552622638.0
2475,71.92,41.25,1552622639.0
2476,71.88,41.266666666666666,1552622640.0
2477,71.82,41.28333333333333,1552622641.0
2478,71.7,41.3,1552622642.0
2479,71.63,41.31666666666667,1552622643.0
2480,71.55,41.333333333333336,1552622644.0
2481,71.47,41.35,1552622645.0
2482,71.37,41.36666666666667,1552622646.0
2483,71.28,41.38333333333333,1552622647.0
2484,71.22,41.4,1552622648.0
2485,71.18,41.416666666666664,1552622649.0
2486,71.12,41.43333333333333,1552622650.0
2487,71.12,41.45,1552622651.0
2488,71.12,41.46666666666667,1552622652.0
2489,71.1,41.483333333333334,1552622653.0
2490,71.08,41.5,1552622654.0
